[
{
    "pk": 1, 
    "model": "auth.group", 
    "fields": {
        "name": "staff", 
        "permissions": [
            [
                "add_logentry", 
                "admin", 
                "logentry"
            ], 
            [
                "change_logentry", 
                "admin", 
                "logentry"
            ], 
            [
                "delete_logentry", 
                "admin", 
                "logentry"
            ], 
            [
                "add_group", 
                "auth", 
                "group"
            ], 
            [
                "change_group", 
                "auth", 
                "group"
            ], 
            [
                "delete_group", 
                "auth", 
                "group"
            ], 
            [
                "add_permission", 
                "auth", 
                "permission"
            ], 
            [
                "change_permission", 
                "auth", 
                "permission"
            ], 
            [
                "delete_permission", 
                "auth", 
                "permission"
            ], 
            [
                "add_user", 
                "auth", 
                "user"
            ], 
            [
                "change_user", 
                "auth", 
                "user"
            ], 
            [
                "delete_user", 
                "auth", 
                "user"
            ], 
            [
                "add_contenttype", 
                "contenttypes", 
                "contenttype"
            ], 
            [
                "change_contenttype", 
                "contenttypes", 
                "contenttype"
            ], 
            [
                "delete_contenttype", 
                "contenttypes", 
                "contenttype"
            ], 
            [
                "add_assignment", 
                "review", 
                "assignment"
            ], 
            [
                "change_assignment", 
                "review", 
                "assignment"
            ], 
            [
                "delete_assignment", 
                "review", 
                "assignment"
            ], 
            [
                "add_assignmentsubmission", 
                "review", 
                "assignmentsubmission"
            ], 
            [
                "change_assignmentsubmission", 
                "review", 
                "assignmentsubmission"
            ], 
            [
                "delete_assignmentsubmission", 
                "review", 
                "assignmentsubmission"
            ], 
            [
                "add_course", 
                "review", 
                "course"
            ], 
            [
                "change_course", 
                "review", 
                "course"
            ], 
            [
                "delete_course", 
                "review", 
                "course"
            ], 
            [
                "add_reviewuser", 
                "review", 
                "reviewuser"
            ], 
            [
                "change_reviewuser", 
                "review", 
                "reviewuser"
            ], 
            [
                "delete_reviewuser", 
                "review", 
                "reviewuser"
            ], 
            [
                "add_sourceannotation", 
                "review", 
                "sourceannotation"
            ], 
            [
                "change_sourceannotation", 
                "review", 
                "sourceannotation"
            ], 
            [
                "delete_sourceannotation", 
                "review", 
                "sourceannotation"
            ], 
            [
                "add_sourceannotationrange", 
                "review", 
                "sourceannotationrange"
            ], 
            [
                "change_sourceannotationrange", 
                "review", 
                "sourceannotationrange"
            ], 
            [
                "delete_sourceannotationrange", 
                "review", 
                "sourceannotationrange"
            ], 
            [
                "add_sourceannotationtag", 
                "review", 
                "sourceannotationtag"
            ], 
            [
                "change_sourceannotationtag", 
                "review", 
                "sourceannotationtag"
            ], 
            [
                "delete_sourceannotationtag", 
                "review", 
                "sourceannotationtag"
            ], 
            [
                "add_sourcefile", 
                "review", 
                "sourcefile"
            ], 
            [
                "change_sourcefile", 
                "review", 
                "sourcefile"
            ], 
            [
                "delete_sourcefile", 
                "review", 
                "sourcefile"
            ], 
            [
                "add_sourcefolder", 
                "review", 
                "sourcefolder"
            ], 
            [
                "change_sourcefolder", 
                "review", 
                "sourcefolder"
            ], 
            [
                "delete_sourcefolder", 
                "review", 
                "sourcefolder"
            ], 
            [
                "add_submissiontest", 
                "review", 
                "submissiontest"
            ], 
            [
                "change_submissiontest", 
                "review", 
                "submissiontest"
            ], 
            [
                "delete_submissiontest", 
                "review", 
                "submissiontest"
            ], 
            [
                "add_submissiontestresults", 
                "review", 
                "submissiontestresults"
            ], 
            [
                "change_submissiontestresults", 
                "review", 
                "submissiontestresults"
            ], 
            [
                "delete_submissiontestresults", 
                "review", 
                "submissiontestresults"
            ], 
            [
                "add_session", 
                "sessions", 
                "session"
            ], 
            [
                "change_session", 
                "sessions", 
                "session"
            ], 
            [
                "delete_session", 
                "sessions", 
                "session"
            ], 
            [
                "add_migrationhistory", 
                "south", 
                "migrationhistory"
            ], 
            [
                "change_migrationhistory", 
                "south", 
                "migrationhistory"
            ], 
            [
                "delete_migrationhistory", 
                "south", 
                "migrationhistory"
            ]
        ]
    }
},
{
    "pk": 2, 
    "model": "auth.group", 
    "fields": {
        "name": "student", 
        "permissions": [
            [
                "add_assignmentsubmission", 
                "review", 
                "assignmentsubmission"
            ], 
            [
                "change_assignmentsubmission", 
                "review", 
                "assignmentsubmission"
            ], 
            [
                "delete_assignmentsubmission", 
                "review", 
                "assignmentsubmission"
            ], 
            [
                "add_sourceannotation", 
                "review", 
                "sourceannotation"
            ], 
            [
                "change_sourceannotation", 
                "review", 
                "sourceannotation"
            ], 
            [
                "delete_sourceannotation", 
                "review", 
                "sourceannotation"
            ], 
            [
                "add_sourceannotationrange", 
                "review", 
                "sourceannotationrange"
            ], 
            [
                "change_sourceannotationrange", 
                "review", 
                "sourceannotationrange"
            ], 
            [
                "delete_sourceannotationrange", 
                "review", 
                "sourceannotationrange"
            ], 
            [
                "add_sourceannotationtag", 
                "review", 
                "sourceannotationtag"
            ], 
            [
                "change_sourceannotationtag", 
                "review", 
                "sourceannotationtag"
            ], 
            [
                "delete_sourceannotationtag", 
                "review", 
                "sourceannotationtag"
            ], 
            [
                "add_sourcefile", 
                "review", 
                "sourcefile"
            ], 
            [
                "change_sourcefile", 
                "review", 
                "sourcefile"
            ], 
            [
                "delete_sourcefile", 
                "review", 
                "sourcefile"
            ], 
            [
                "add_sourcefolder", 
                "review", 
                "sourcefolder"
            ], 
            [
                "change_sourcefolder", 
                "review", 
                "sourcefolder"
            ], 
            [
                "delete_sourcefolder", 
                "review", 
                "sourcefolder"
            ], 
            [
                "add_submissiontest", 
                "review", 
                "submissiontest"
            ], 
            [
                "change_submissiontest", 
                "review", 
                "submissiontest"
            ], 
            [
                "delete_submissiontest", 
                "review", 
                "submissiontest"
            ], 
            [
                "add_submissiontestresults", 
                "review", 
                "submissiontestresults"
            ], 
            [
                "change_submissiontestresults", 
                "review", 
                "submissiontestresults"
            ], 
            [
                "delete_submissiontestresults", 
                "review", 
                "submissiontestresults"
            ], 
            [
                "add_session", 
                "sessions", 
                "session"
            ], 
            [
                "change_session", 
                "sessions", 
                "session"
            ], 
            [
                "delete_session", 
                "sessions", 
                "session"
            ], 
            [
                "add_migrationhistory", 
                "south", 
                "migrationhistory"
            ], 
            [
                "change_migrationhistory", 
                "south", 
                "migrationhistory"
            ], 
            [
                "delete_migrationhistory", 
                "south", 
                "migrationhistory"
            ]
        ]
    }
},
{
    "pk": 1, 
    "model": "auth.user", 
    "fields": {
        "username": "TESTING:user_2", 
        "first_name": "Super", 
        "last_name": "User", 
        "is_active": true, 
        "is_superuser": true, 
        "is_staff": true, 
        "last_login": "2014-09-24T05:44:29Z", 
        "groups": [], 
        "user_permissions": [], 
        "password": "bcrypt_sha256$$2a$12$kr4w2xy4gVheC7r8llLFwOdAFsqXBCtLruqM37jdZ4cZnwmUM00EK", 
        "email": "admin@admin.com", 
        "date_joined": "2014-08-09T12:38:53Z"
    }
},
{
    "pk": 2, 
    "model": "auth.user", 
    "fields": {
        "username": "tom", 
        "first_name": "Tom", 
        "last_name": "Midson", 
        "is_active": true, 
        "is_superuser": false, 
        "is_staff": false, 
        "last_login": "2014-09-25T04:27:07Z", 
        "groups": [
            [
                "student"
            ]
        ], 
        "user_permissions": [], 
        "password": "bcrypt_sha256$$2a$12$AzLkJ1hp5Bz2zwnUd4bYjuag7PbJ7dQtUPud08QndaObKB7MbXStC", 
        "email": "midson.trc@gmail.com", 
        "date_joined": "2014-08-09T12:44:45Z"
    }
},
{
    "pk": 3, 
    "model": "auth.user", 
    "fields": {
        "username": "kieran", 
        "first_name": "Kieran", 
        "last_name": "Eames", 
        "is_active": true, 
        "is_superuser": false, 
        "is_staff": false, 
        "last_login": "2014-08-15T05:12:05Z", 
        "groups": [], 
        "user_permissions": [], 
        "password": "bcrypt_sha256$$2a$12$888KxgQek4HpX2tAoHZqgOdwcnNHBBmzReRCoJaA5LW8ozeF1qUhO", 
        "email": "eames@eames.com", 
        "date_joined": "2014-08-15T05:12:05Z"
    }
},
{
    "pk": 8, 
    "model": "auth.user", 
    "fields": {
        "username": "fdsa", 
        "first_name": "fdsa", 
        "last_name": "fdsa", 
        "is_active": true, 
        "is_superuser": false, 
        "is_staff": true, 
        "last_login": "2014-08-15T13:22:48Z", 
        "groups": [], 
        "user_permissions": [], 
        "password": "fdsa", 
        "email": "amin@admin.com", 
        "date_joined": "2014-08-15T13:22:48Z"
    }
},
{
    "pk": 23, 
    "model": "auth.user", 
    "fields": {
        "username": "s0123456", 
        "first_name": "", 
        "last_name": "", 
        "is_active": true, 
        "is_superuser": false, 
        "is_staff": false, 
        "last_login": "2014-09-18T12:32:45Z", 
        "groups": [], 
        "user_permissions": [], 
        "password": "bcrypt_sha256$$2a$12$Kc/fCWI6cotD9kjPP1g6WuR4QuREeksTOZ1q4UCeurDx4sk1sxOXW", 
        "email": "", 
        "date_joined": "2014-08-15T14:29:12Z"
    }
},
{
    "pk": 24, 
    "model": "auth.user", 
    "fields": {
        "username": "s1234567", 
        "first_name": "", 
        "last_name": "", 
        "is_active": true, 
        "is_superuser": false, 
        "is_staff": false, 
        "last_login": "2014-09-18T12:33:48Z", 
        "groups": [], 
        "user_permissions": [], 
        "password": "bcrypt_sha256$$2a$12$/A1SnnWyjPTnXJ0/UDDKS.ZtIQxG6HYtQpKDnrHdRuiwYCMMDnjrW", 
        "email": "", 
        "date_joined": "2014-08-15T14:29:13Z"
    }
},
{
    "pk": 25, 
    "model": "auth.user", 
    "fields": {
        "username": "test1", 
        "first_name": "test", 
        "last_name": "test", 
        "is_active": true, 
        "is_superuser": false, 
        "is_staff": true, 
        "last_login": "2014-08-20T11:17:56Z", 
        "groups": [], 
        "user_permissions": [], 
        "password": "bcrypt_sha256$$2a$12$jZX81G.on4s1DrGeik6HOeL.JRG1Zj82mcEd5ZVHXEZmlt85.80qm", 
        "email": "test@test.com", 
        "date_joined": "2014-08-18T01:09:32Z"
    }
},
{
    "pk": 26, 
    "model": "auth.user", 
    "fields": {
        "username": "staff", 
        "first_name": "", 
        "last_name": "", 
        "is_active": true, 
        "is_superuser": false, 
        "is_staff": true, 
        "last_login": "2014-08-25T04:01:52Z", 
        "groups": [], 
        "user_permissions": [], 
        "password": "bcrypt_sha256$$2a$12$XwrqAL.d7Lby1DU/yb6JBec3fmFPfwArkaYy99NCwzCr8/.YK27u2", 
        "email": "", 
        "date_joined": "2014-08-25T04:01:20Z"
    }
},
{
    "pk": 27, 
    "model": "auth.user", 
    "fields": {
        "username": "annote", 
        "first_name": "", 
        "last_name": "", 
        "is_active": true, 
        "is_superuser": false, 
        "is_staff": false, 
        "last_login": "2014-08-28T11:43:53Z", 
        "groups": [], 
        "user_permissions": [], 
        "password": "bcrypt_sha256$$2a$12$451LmIBfWe.PLvazS63lpOk9aKlkRKsMD8vJWo15ThIP2NFrt8X7O", 
        "email": "", 
        "date_joined": "2014-08-28T11:43:37Z"
    }
},
{
    "pk": 28, 
    "model": "auth.user", 
    "fields": {
        "username": "s111110", 
        "first_name": "jimmy", 
        "last_name": "staff", 
        "is_active": true, 
        "is_superuser": false, 
        "is_staff": false, 
        "last_login": "2014-09-18T12:33:17Z", 
        "groups": [], 
        "user_permissions": [], 
        "password": "bcrypt_sha256$$2a$12$zfOtKeobhkZRXiuIwQxfdOCfz6fXst5JwJVl3cC8BHrl8YnjtEkGO", 
        "email": "", 
        "date_joined": "2014-09-18T11:13:39Z"
    }
},
{
    "pk": 53, 
    "model": "auth.user", 
    "fields": {
        "username": "naoise", 
        "first_name": "", 
        "last_name": "", 
        "is_active": true, 
        "is_superuser": false, 
        "is_staff": false, 
        "last_login": "2014-09-20T09:50:04Z", 
        "groups": [], 
        "user_permissions": [], 
        "password": "bcrypt_sha256$$2a$12$rdQLCMeuO0Qlun5a3Rn3C.WxmvAFuvX//zwLhkywj6cUW7k2gVyaO", 
        "email": "", 
        "date_joined": "2014-09-18T11:15:14Z"
    }
},
{
    "pk": 54, 
    "model": "auth.user", 
    "fields": {
        "username": "TESTING:user_3", 
        "first_name": "Test", 
        "last_name": "Student", 
        "is_active": true, 
        "is_superuser": false, 
        "is_staff": false, 
        "last_login": "2014-09-22T03:57:31Z", 
        "groups": [], 
        "user_permissions": [], 
        "password": "!01261yoKEZfwtybEdQfPogK9X4n4N35zCfLuoBsY", 
        "email": "test@student.com", 
        "date_joined": "2014-09-22T03:57:17Z"
    }
},
{
    "pk": 55, 
    "model": "auth.user", 
    "fields": {
        "username": "sudo", 
        "first_name": "", 
        "last_name": "", 
        "is_active": true, 
        "is_superuser": true, 
        "is_staff": true, 
        "last_login": "2014-09-26T05:13:36Z", 
        "groups": [], 
        "user_permissions": [], 
        "password": "bcrypt_sha256$$2a$12$mmoD8ccabLw4Qyzzg0BctOe7eFD3.V01i8dXBDH9iTNLd3eElPfIi", 
        "email": "", 
        "date_joined": "2014-09-26T05:13:36Z"
    }
},
{
    "pk": "1r0igqhe4h9tm4ks0v1plunf58kuz4lg", 
    "model": "sessions.session", 
    "fields": {
        "expire_date": "2014-10-09T04:27:07Z", 
        "session_data": "MWQ5ZTM2NmI5MTBmYTQ2NzI1OTAyMmMzMmY2ZWI2ODlmZjAxMTE1MTp7Il9hdXRoX3VzZXJfYmFja2VuZCI6ImRqYW5nby5jb250cmliLmF1dGguYmFja2VuZHMuTW9kZWxCYWNrZW5kIiwiX2F1dGhfdXNlcl9pZCI6Mn0="
    }
},
{
    "pk": "4jvlacqtks4q6jvqxe0la14so9tm6d9k", 
    "model": "sessions.session", 
    "fields": {
        "expire_date": "2014-10-04T09:50:04Z", 
        "session_data": "YjIzZTM0Y2NiZDhkZGYxMzI4NDNlZTU1Nzg2NWMzNWY0MmVkNTkwODp7Il9hdXRoX3VzZXJfYmFja2VuZCI6ImRqYW5nby5jb250cmliLmF1dGguYmFja2VuZHMuTW9kZWxCYWNrZW5kIiwiX2F1dGhfdXNlcl9pZCI6NTN9"
    }
},
{
    "pk": "6e674mu8w0mtr20hfouss75leyzy819n", 
    "model": "sessions.session", 
    "fields": {
        "expire_date": "2014-08-24T10:07:30Z", 
        "session_data": "YWQ4MWU2MDRjZmJhYWQ3NDZjOTZkYmFiM2QyMWIxMjkwOTlmNjA5MTp7fQ=="
    }
},
{
    "pk": "7qyo1bvlje81cv94ax7ou3y8f5q5mksj", 
    "model": "sessions.session", 
    "fields": {
        "expire_date": "2014-09-03T11:18:04Z", 
        "session_data": "YWQ4MWU2MDRjZmJhYWQ3NDZjOTZkYmFiM2QyMWIxMjkwOTlmNjA5MTp7fQ=="
    }
},
{
    "pk": "c1vflloinflxa37qfcveltqen46px4nb", 
    "model": "sessions.session", 
    "fields": {
        "expire_date": "2014-09-11T11:44:07Z", 
        "session_data": "MzI0OGYzZGYxMDA1MGRmY2M5YjM5MTE5ZjJhYjY2MTVmMzQwYTY5MDp7Il9hdXRoX3VzZXJfYmFja2VuZCI6ImRqYW5nby5jb250cmliLmF1dGguYmFja2VuZHMuTW9kZWxCYWNrZW5kIiwiX2F1dGhfdXNlcl9pZCI6MX0="
    }
},
{
    "pk": "cl192jtdtzu04tcb7mrsq2l92ui3g8zi", 
    "model": "sessions.session", 
    "fields": {
        "expire_date": "2014-10-06T03:47:33Z", 
        "session_data": "MzI0OGYzZGYxMDA1MGRmY2M5YjM5MTE5ZjJhYjY2MTVmMzQwYTY5MDp7Il9hdXRoX3VzZXJfYmFja2VuZCI6ImRqYW5nby5jb250cmliLmF1dGguYmFja2VuZHMuTW9kZWxCYWNrZW5kIiwiX2F1dGhfdXNlcl9pZCI6MX0="
    }
},
{
    "pk": "due7bwjkvh7vylyxwi5k4yzizn6s2946", 
    "model": "sessions.session", 
    "fields": {
        "expire_date": "2014-10-06T03:45:41Z", 
        "session_data": "YWQ4MWU2MDRjZmJhYWQ3NDZjOTZkYmFiM2QyMWIxMjkwOTlmNjA5MTp7fQ=="
    }
},
{
    "pk": "ein0uddfyvwxcwl1ygr32hvkqbna1hjm", 
    "model": "sessions.session", 
    "fields": {
        "expire_date": "2014-08-23T12:58:42Z", 
        "session_data": "YWQ4MWU2MDRjZmJhYWQ3NDZjOTZkYmFiM2QyMWIxMjkwOTlmNjA5MTp7fQ=="
    }
},
{
    "pk": "eycgolh6ktj32h20imnzgqvmp6w2bd9s", 
    "model": "sessions.session", 
    "fields": {
        "expire_date": "2014-10-06T03:58:44Z", 
        "session_data": "MWQ5ZTM2NmI5MTBmYTQ2NzI1OTAyMmMzMmY2ZWI2ODlmZjAxMTE1MTp7Il9hdXRoX3VzZXJfYmFja2VuZCI6ImRqYW5nby5jb250cmliLmF1dGguYmFja2VuZHMuTW9kZWxCYWNrZW5kIiwiX2F1dGhfdXNlcl9pZCI6Mn0="
    }
},
{
    "pk": "mu7py5v1ooht3onc7xwhaw5xmekpzbl4", 
    "model": "sessions.session", 
    "fields": {
        "expire_date": "2014-10-06T01:26:41Z", 
        "session_data": "YWQ4MWU2MDRjZmJhYWQ3NDZjOTZkYmFiM2QyMWIxMjkwOTlmNjA5MTp7fQ=="
    }
},
{
    "pk": "n7k98336mti0p2eg30d4mqmb6t8u53vu", 
    "model": "sessions.session", 
    "fields": {
        "expire_date": "2014-08-24T02:00:02Z", 
        "session_data": "MzI0OGYzZGYxMDA1MGRmY2M5YjM5MTE5ZjJhYjY2MTVmMzQwYTY5MDp7Il9hdXRoX3VzZXJfYmFja2VuZCI6ImRqYW5nby5jb250cmliLmF1dGguYmFja2VuZHMuTW9kZWxCYWNrZW5kIiwiX2F1dGhfdXNlcl9pZCI6MX0="
    }
},
{
    "pk": "zieo99vdpubeob9es2s786zgv5pip22u", 
    "model": "sessions.session", 
    "fields": {
        "expire_date": "2014-10-04T09:12:00Z", 
        "session_data": "YjIzZTM0Y2NiZDhkZGYxMzI4NDNlZTU1Nzg2NWMzNWY0MmVkNTkwODp7Il9hdXRoX3VzZXJfYmFja2VuZCI6ImRqYW5nby5jb250cmliLmF1dGguYmFja2VuZHMuTW9kZWxCYWNrZW5kIiwiX2F1dGhfdXNlcl9pZCI6NTN9"
    }
},
{
    "pk": 1, 
    "model": "south.migrationhistory", 
    "fields": {
        "applied": "2014-08-09T12:39:02Z", 
        "app_name": "review", 
        "migration": "0001_initial"
    }
},
{
    "pk": 2, 
    "model": "south.migrationhistory", 
    "fields": {
        "applied": "2014-08-09T12:39:10Z", 
        "app_name": "review", 
        "migration": "0002_auto__del_test__add_user__add_sourceannotation__add_sourcefile__add_so"
    }
},
{
    "pk": 3, 
    "model": "south.migrationhistory", 
    "fields": {
        "applied": "2014-08-09T12:39:11Z", 
        "app_name": "review", 
        "migration": "0003_auto__del_user__add_reviewuser__chg_field_sourceannotation_user__chg_f"
    }
},
{
    "pk": 4, 
    "model": "south.migrationhistory", 
    "fields": {
        "applied": "2014-08-09T12:39:11Z", 
        "app_name": "review", 
        "migration": "0004_auto__add_field_reviewuser_isStaff"
    }
},
{
    "pk": 5, 
    "model": "south.migrationhistory", 
    "fields": {
        "applied": "2014-08-09T12:39:12Z", 
        "app_name": "review", 
        "migration": "0005_auto__add_course"
    }
},
{
    "pk": 6, 
    "model": "south.migrationhistory", 
    "fields": {
        "applied": "2014-08-09T12:39:12Z", 
        "app_name": "review", 
        "migration": "0006_auto__add_field_course_course_code__add_field_course_course_name"
    }
},
{
    "pk": 7, 
    "model": "south.migrationhistory", 
    "fields": {
        "applied": "2014-08-09T12:39:13Z", 
        "app_name": "review", 
        "migration": "0007_auto__add_field_assignment_course_code"
    }
},
{
    "pk": 8, 
    "model": "south.migrationhistory", 
    "fields": {
        "applied": "2014-08-09T12:39:15Z", 
        "app_name": "review", 
        "migration": "0008_auto"
    }
},
{
    "pk": 9, 
    "model": "south.migrationhistory", 
    "fields": {
        "applied": "2014-08-09T12:39:15Z", 
        "app_name": "review", 
        "migration": "0009_auto__chg_field_course_course_name"
    }
},
{
    "pk": 10, 
    "model": "south.migrationhistory", 
    "fields": {
        "applied": "2014-08-09T12:39:16Z", 
        "app_name": "review", 
        "migration": "0010_auto"
    }
},
{
    "pk": 11, 
    "model": "south.migrationhistory", 
    "fields": {
        "applied": "2014-08-14T05:33:54Z", 
        "app_name": "review", 
        "migration": "0011_auto__add_myuser"
    }
},
{
    "pk": 12, 
    "model": "south.migrationhistory", 
    "fields": {
        "applied": "2014-08-15T13:19:09Z", 
        "app_name": "review", 
        "migration": "0012_auto__del_myuser__add_studentuser__add_createuserform"
    }
},
{
    "pk": 13, 
    "model": "south.migrationhistory", 
    "fields": {
        "applied": "2014-08-15T13:19:09Z", 
        "app_name": "review", 
        "migration": "0013_auto__del_studentuser"
    }
},
{
    "pk": 14, 
    "model": "south.migrationhistory", 
    "fields": {
        "applied": "2014-08-15T13:19:09Z", 
        "app_name": "review", 
        "migration": "0014_auto__del_createuserform"
    }
},
{
    "pk": 15, 
    "model": "south.migrationhistory", 
    "fields": {
        "applied": "2014-08-15T13:54:20Z", 
        "app_name": "review", 
        "migration": "0015_auto__add_field_reviewuser_firstLogin"
    }
},
{
    "pk": 16, 
    "model": "south.migrationhistory", 
    "fields": {
        "applied": "2014-08-17T13:17:14Z", 
        "app_name": "review", 
        "migration": "0016_auto__add_faketestmodel"
    }
},
{
    "pk": 17, 
    "model": "south.migrationhistory", 
    "fields": {
        "applied": "2014-08-17T13:17:14Z", 
        "app_name": "review", 
        "migration": "0017_auto__del_faketestmodel"
    }
},
{
    "pk": 18, 
    "model": "south.migrationhistory", 
    "fields": {
        "applied": "2014-08-27T06:27:02Z", 
        "app_name": "review", 
        "migration": "0011_auto__add_studentuser__add_createuserform"
    }
},
{
    "pk": 19, 
    "model": "south.migrationhistory", 
    "fields": {
        "applied": "2014-08-27T06:27:02Z", 
        "app_name": "review", 
        "migration": "0018_auto__del_field_assignmentsubmission_root_folder"
    }
},
{
    "pk": 20, 
    "model": "south.migrationhistory", 
    "fields": {
        "applied": "2014-08-27T06:27:18Z", 
        "app_name": "review", 
        "migration": "0019_auto__del_field_assignmentsubmission_test_results__add_field_assignmen"
    }
},
{
    "pk": 21, 
    "model": "south.migrationhistory", 
    "fields": {
        "applied": "2014-08-28T06:46:20Z", 
        "app_name": "review", 
        "migration": "0020_auto__add_field_sourcefile_file_html"
    }
},
{
    "pk": 22, 
    "model": "south.migrationhistory", 
    "fields": {
        "applied": "2014-08-28T06:48:24Z", 
        "app_name": "review", 
        "migration": "0021_auto__del_field_sourcefile_file_html"
    }
},
{
    "pk": 23, 
    "model": "south.migrationhistory", 
    "fields": {
        "applied": "2014-09-18T11:03:17Z", 
        "app_name": "review", 
        "migration": "0022_auto__add_field_assignment_multiple_submissions"
    }
},
{
    "pk": 28, 
    "model": "south.migrationhistory", 
    "fields": {
        "applied": "2014-09-24T05:42:29Z", 
        "app_name": "help", 
        "migration": "0001_initial"
    }
},
{
    "pk": 29, 
    "model": "south.migrationhistory", 
    "fields": {
        "applied": "2014-09-24T05:42:29Z", 
        "app_name": "help", 
        "migration": "0002_auto__add_field_post_open"
    }
},
{
    "pk": 30, 
    "model": "south.migrationhistory", 
    "fields": {
        "applied": "2014-09-24T05:42:29Z", 
        "app_name": "help", 
        "migration": "0003_auto__add_field_post_post_repo"
    }
},
{
    "pk": 31, 
    "model": "south.migrationhistory", 
    "fields": {
        "applied": "2014-09-24T05:42:30Z", 
        "app_name": "help", 
        "migration": "0004_auto__del_field_post_post_repo__add_field_post_submission_repository"
    }
},
{
    "pk": 32, 
    "model": "south.migrationhistory", 
    "fields": {
        "applied": "2014-09-24T05:42:30Z", 
        "app_name": "help", 
        "migration": "0005_auto__del_field_post_user__add_field_post_by"
    }
},
{
    "pk": 33, 
    "model": "south.migrationhistory", 
    "fields": {
        "applied": "2014-09-24T05:42:30Z", 
        "app_name": "help", 
        "migration": "0006_auto__add_field_post_course_code"
    }
},
{
    "pk": 34, 
    "model": "south.migrationhistory", 
    "fields": {
        "applied": "2014-09-24T05:42:30Z", 
        "app_name": "help", 
        "migration": "0007_auto__chg_field_post_course_code__add_unique_post_course_code"
    }
},
{
    "pk": 35, 
    "model": "south.migrationhistory", 
    "fields": {
        "applied": "2014-09-24T05:42:30Z", 
        "app_name": "help", 
        "migration": "0008_auto__chg_field_post_course_code__del_unique_post_course_code"
    }
},
{
    "pk": 36, 
    "model": "south.migrationhistory", 
    "fields": {
        "applied": "2014-09-24T05:42:53Z", 
        "app_name": "help", 
        "migration": "0009_auto__add_field_post_resolved"
    }
},
{
    "pk": 37, 
    "model": "south.migrationhistory", 
    "fields": {
        "applied": "2014-09-24T05:48:35Z", 
        "app_name": "review", 
        "migration": "0028_auto__add_enrol__add_submissionreview__add_field_sourceannotation_subm"
    }
},
{
    "pk": 38, 
    "model": "south.migrationhistory", 
    "fields": {
        "applied": "2014-09-24T05:48:35Z", 
        "app_name": "review", 
        "migration": "0029_auto__chg_field_sourcefile_file"
    }
},
{
    "pk": 39, 
    "model": "south.migrationhistory", 
    "fields": {
        "applied": "2014-09-24T05:48:35Z", 
        "app_name": "review", 
        "migration": "0030_auto__chg_field_sourcefile_file"
    }
},
{
    "pk": 40, 
    "model": "south.migrationhistory", 
    "fields": {
        "applied": "2014-09-24T08:06:33Z", 
        "app_name": "review", 
        "migration": "0031_auto__add_field_submissiontest_for_assignment__add_field_submissiontes"
    }
},
{
    "pk": 41, 
    "model": "south.migrationhistory", 
    "fields": {
        "applied": "2014-09-24T08:21:42Z", 
        "app_name": "review", 
        "migration": "0032_auto__del_field_submissiontest_part_of__add_field_submissiontestresult"
    }
},
{
    "pk": 42, 
    "model": "south.migrationhistory", 
    "fields": {
        "applied": "2014-09-26T04:30:49Z", 
        "app_name": "djcelery", 
        "migration": "0001_initial"
    }
},
{
    "pk": 43, 
    "model": "south.migrationhistory", 
    "fields": {
        "applied": "2014-09-26T04:30:49Z", 
        "app_name": "djcelery", 
        "migration": "0002_v25_changes"
    }
},
{
    "pk": 44, 
    "model": "south.migrationhistory", 
    "fields": {
        "applied": "2014-09-26T04:30:49Z", 
        "app_name": "djcelery", 
        "migration": "0003_v26_changes"
    }
},
{
    "pk": 45, 
    "model": "south.migrationhistory", 
    "fields": {
        "applied": "2014-09-26T04:30:49Z", 
        "app_name": "djcelery", 
        "migration": "0004_v30_changes"
    }
},
{
    "pk": 46, 
    "model": "south.migrationhistory", 
    "fields": {
        "applied": "2014-09-26T04:43:49Z", 
        "app_name": "djcelery", 
        "migration": "0005_initial"
    }
},
{
    "pk": 1, 
    "model": "help.post", 
    "fields": {
        "resolved": true, 
        "updated": "2014-09-24T06:08:43Z", 
        "root_folder": 77, 
        "post_uuid": "5d600349-823b-40b8-8c77-6be7b7debb98", 
        "created": "2014-09-24T05:50:17Z", 
        "title": "123", 
        "question": "fdsaas", 
        "course_code": 1, 
        "open": true, 
        "by": 2, 
        "submission_repository": "https://github.com/avadendas/public_test_repo.git"
    }
},
{
    "pk": 2, 
    "model": "help.post", 
    "fields": {
        "resolved": false, 
        "updated": "2014-09-24T06:08:56Z", 
        "root_folder": 81, 
        "post_uuid": "7a00196e-0d95-4baf-aaf4-ecbff575c5a2", 
        "created": "2014-09-24T06:08:54Z", 
        "title": "fdsa", 
        "question": "fdsafsadfas", 
        "course_code": 1, 
        "open": true, 
        "by": 2, 
        "submission_repository": "https://github.com/avadendas/public_test_repo.git"
    }
},
{
    "pk": 1, 
    "model": "review.reviewuser", 
    "fields": {
        "courses": [
            1
        ], 
        "djangoUser": [
            "tom"
        ], 
        "firstLogin": false, 
        "user_uuid": "99ffcc68-a9c4-450d-b74c-8acc976b206d", 
        "isStaff": false
    }
},
{
    "pk": 2, 
    "model": "review.reviewuser", 
    "fields": {
        "courses": [
            1, 
            2, 
            3, 
            4, 
            5, 
            6, 
            7, 
            8, 
            9, 
            10, 
            11, 
            12, 
            13, 
            14, 
            15, 
            16, 
            17, 
            18, 
            19, 
            20, 
            21, 
            22, 
            23, 
            24, 
            25, 
            26, 
            27, 
            28, 
            29, 
            30, 
            31, 
            32, 
            33, 
            34, 
            35, 
            36, 
            37, 
            38, 
            39, 
            40, 
            41, 
            42, 
            43, 
            44, 
            45, 
            46, 
            47, 
            48, 
            49, 
            50, 
            51, 
            52, 
            53, 
            54, 
            55, 
            56, 
            57, 
            58, 
            59, 
            60, 
            61, 
            62, 
            63, 
            64, 
            65, 
            66, 
            67, 
            68, 
            69, 
            70, 
            71, 
            72, 
            73, 
            74, 
            75, 
            76, 
            77, 
            78, 
            79, 
            80, 
            81, 
            82, 
            83, 
            84, 
            85, 
            86, 
            87, 
            88, 
            89, 
            90, 
            91, 
            92, 
            93, 
            94, 
            95, 
            96, 
            97, 
            98, 
            99, 
            100, 
            101, 
            102, 
            103, 
            104, 
            105, 
            106, 
            107, 
            108, 
            109, 
            110, 
            111, 
            112, 
            113, 
            114, 
            115, 
            116, 
            117, 
            118, 
            119, 
            120, 
            121, 
            122, 
            123, 
            124, 
            125, 
            126, 
            127, 
            128, 
            129, 
            130, 
            131, 
            132, 
            133, 
            134, 
            135, 
            136, 
            137, 
            138, 
            139, 
            140, 
            141, 
            142, 
            143, 
            144, 
            145, 
            146, 
            147, 
            148, 
            149, 
            150, 
            151, 
            152, 
            153, 
            154, 
            155, 
            156, 
            157, 
            158, 
            159, 
            160, 
            161, 
            162, 
            163, 
            164, 
            165, 
            166, 
            167, 
            168, 
            169, 
            170, 
            171, 
            172, 
            173, 
            174, 
            175, 
            176, 
            177, 
            178, 
            179, 
            180, 
            181, 
            182, 
            183, 
            184, 
            185, 
            186, 
            187, 
            188, 
            189, 
            190, 
            191, 
            192, 
            193, 
            194, 
            195, 
            196, 
            197, 
            198, 
            199, 
            200
        ], 
        "djangoUser": [
            "TESTING:user_2"
        ], 
        "firstLogin": false, 
        "user_uuid": "1bd5f565-47fc-4a12-ae32-22d8188b93ae", 
        "isStaff": false
    }
},
{
    "pk": 3, 
    "model": "review.reviewuser", 
    "fields": {
        "courses": [
            2, 
            3, 
            4, 
            5, 
            6, 
            7, 
            8, 
            9, 
            10, 
            11, 
            12, 
            13, 
            14, 
            15, 
            16, 
            17, 
            18, 
            19, 
            20, 
            21, 
            22, 
            23, 
            24, 
            25, 
            26, 
            27, 
            28, 
            29, 
            30, 
            31, 
            32, 
            33, 
            34, 
            35, 
            36, 
            37, 
            38, 
            39, 
            40, 
            41, 
            42, 
            43, 
            44, 
            45, 
            46, 
            47, 
            48, 
            49, 
            50, 
            51, 
            52, 
            53, 
            54, 
            55, 
            56, 
            57, 
            58, 
            59, 
            60, 
            61, 
            62, 
            63, 
            64, 
            65, 
            66, 
            67, 
            68, 
            69, 
            70, 
            71, 
            72, 
            73, 
            74, 
            75, 
            76, 
            77, 
            78, 
            79, 
            80, 
            81, 
            82, 
            83, 
            84, 
            85, 
            86, 
            87, 
            88, 
            89, 
            90, 
            91, 
            92, 
            93, 
            94, 
            95, 
            96, 
            97, 
            98, 
            99, 
            100, 
            101, 
            102, 
            103, 
            104, 
            105, 
            106, 
            107, 
            108, 
            109, 
            110, 
            111, 
            112, 
            113, 
            114, 
            115, 
            116, 
            117, 
            118, 
            119, 
            120, 
            121, 
            122, 
            123, 
            124, 
            125, 
            126, 
            127, 
            128, 
            129, 
            130, 
            131, 
            132, 
            133, 
            134, 
            135, 
            136, 
            137, 
            138, 
            139, 
            140, 
            141, 
            142, 
            143, 
            144, 
            145, 
            146, 
            147, 
            148, 
            149, 
            150, 
            151, 
            152, 
            153, 
            154, 
            155, 
            156, 
            157, 
            158, 
            159, 
            160, 
            161, 
            162, 
            163, 
            164, 
            165, 
            166, 
            167, 
            168, 
            169, 
            170, 
            171, 
            172, 
            173, 
            174, 
            175, 
            176, 
            177, 
            178, 
            179, 
            180, 
            181, 
            182, 
            183, 
            184, 
            185, 
            186, 
            187, 
            188, 
            189, 
            190, 
            191, 
            192, 
            193, 
            194, 
            195, 
            196, 
            197, 
            198, 
            199, 
            200
        ], 
        "djangoUser": [
            "kieran"
        ], 
        "firstLogin": true, 
        "user_uuid": "be808ac9-0bc8-4b2f-909a-2332fe4d4149", 
        "isStaff": false
    }
},
{
    "pk": 4, 
    "model": "review.reviewuser", 
    "fields": {
        "courses": [], 
        "djangoUser": [
            "fdsa"
        ], 
        "firstLogin": true, 
        "user_uuid": "9cafb4e6-3a2a-4f2c-bbe8-9659ee9f69ad", 
        "isStaff": true
    }
},
{
    "pk": 15, 
    "model": "review.reviewuser", 
    "fields": {
        "courses": [
            1, 
            5, 
            53
        ], 
        "djangoUser": [
            "s0123456"
        ], 
        "firstLogin": true, 
        "user_uuid": "9403e793-8dcf-4378-81df-ae777abe4051", 
        "isStaff": false
    }
},
{
    "pk": 16, 
    "model": "review.reviewuser", 
    "fields": {
        "courses": [
            1, 
            50, 
            53
        ], 
        "djangoUser": [
            "s1234567"
        ], 
        "firstLogin": true, 
        "user_uuid": "f108a046-484d-4d4d-b120-ca5bf332a60f", 
        "isStaff": false
    }
},
{
    "pk": 17, 
    "model": "review.reviewuser", 
    "fields": {
        "courses": [], 
        "djangoUser": [
            "test1"
        ], 
        "firstLogin": false, 
        "user_uuid": "439c4bee-f2f3-4f84-a43d-eea6e27174c1", 
        "isStaff": true
    }
},
{
    "pk": 18, 
    "model": "review.reviewuser", 
    "fields": {
        "courses": [
            1, 
            2, 
            3, 
            4, 
            5, 
            6, 
            7, 
            8, 
            9, 
            10, 
            11, 
            12, 
            13, 
            14, 
            15, 
            16, 
            17, 
            18, 
            19, 
            20, 
            21, 
            22, 
            23, 
            24, 
            25, 
            26, 
            27, 
            28, 
            29, 
            30, 
            31, 
            32, 
            33, 
            34, 
            35, 
            36, 
            37, 
            38, 
            39, 
            40, 
            41, 
            42, 
            43, 
            44, 
            45, 
            46, 
            47, 
            48, 
            49, 
            50, 
            51, 
            52, 
            53, 
            54, 
            55, 
            56, 
            57, 
            58, 
            59, 
            60, 
            61, 
            62, 
            63, 
            64, 
            65, 
            66, 
            67, 
            68, 
            69, 
            70, 
            71, 
            72, 
            73, 
            74, 
            75, 
            76, 
            77, 
            78, 
            79, 
            80, 
            81, 
            82, 
            83, 
            84, 
            85, 
            86, 
            87, 
            88, 
            89, 
            90, 
            91, 
            92, 
            93, 
            94, 
            95, 
            96, 
            97, 
            98, 
            99, 
            100, 
            101, 
            102, 
            103, 
            104, 
            105, 
            106, 
            107, 
            108, 
            109, 
            110, 
            111, 
            112, 
            113, 
            114, 
            115, 
            116, 
            117, 
            118, 
            119, 
            120, 
            121, 
            122, 
            123, 
            124, 
            125, 
            126, 
            127, 
            128, 
            129, 
            130, 
            131, 
            132, 
            133, 
            134, 
            135, 
            136, 
            137, 
            138, 
            139, 
            140, 
            141, 
            142, 
            143, 
            144, 
            145, 
            146, 
            147, 
            148, 
            149, 
            150, 
            151, 
            152, 
            153, 
            154, 
            155, 
            156, 
            157, 
            158, 
            159, 
            160, 
            161, 
            162, 
            163, 
            164, 
            165, 
            166, 
            167, 
            168, 
            169, 
            170, 
            171, 
            172, 
            173, 
            174, 
            175, 
            176, 
            177, 
            178, 
            179, 
            180, 
            181, 
            182, 
            183, 
            184, 
            185, 
            186, 
            187, 
            188, 
            189, 
            190, 
            191, 
            192, 
            193, 
            194, 
            195, 
            196, 
            197, 
            198, 
            199, 
            200
        ], 
        "djangoUser": [
            "staff"
        ], 
        "firstLogin": true, 
        "user_uuid": "32005413-971d-4756-8c4c-b9086424fa26", 
        "isStaff": false
    }
},
{
    "pk": 19, 
    "model": "review.reviewuser", 
    "fields": {
        "courses": [
            2, 
            3, 
            4, 
            5, 
            6, 
            7, 
            8, 
            9, 
            10, 
            11, 
            12, 
            13, 
            14, 
            15, 
            16, 
            17, 
            18, 
            19, 
            20, 
            21, 
            22, 
            23, 
            24, 
            25, 
            26, 
            27, 
            28, 
            29, 
            30, 
            31, 
            32, 
            33, 
            34, 
            35, 
            36, 
            37, 
            38, 
            39, 
            40, 
            41, 
            42, 
            43, 
            44, 
            45, 
            46, 
            47, 
            48, 
            49, 
            50, 
            51, 
            52, 
            53, 
            54, 
            55, 
            56, 
            57, 
            58, 
            59, 
            60, 
            61, 
            62, 
            63, 
            64, 
            65, 
            66, 
            67, 
            68, 
            69, 
            70, 
            71, 
            72, 
            73, 
            74, 
            75, 
            76, 
            77, 
            78, 
            79, 
            80, 
            81, 
            82, 
            83, 
            84, 
            85, 
            86, 
            87, 
            88, 
            89, 
            90, 
            91, 
            92, 
            93, 
            94, 
            95, 
            96, 
            97, 
            98, 
            99, 
            100, 
            101, 
            102, 
            103, 
            104, 
            105, 
            106, 
            107, 
            108, 
            109, 
            110, 
            111, 
            112, 
            113, 
            114, 
            115, 
            116, 
            117, 
            118, 
            119, 
            120, 
            121, 
            122, 
            123, 
            124, 
            125, 
            126, 
            127, 
            128, 
            129, 
            130, 
            131, 
            132, 
            133, 
            134, 
            135, 
            136, 
            137, 
            138, 
            139, 
            140, 
            141, 
            142, 
            143, 
            144, 
            145, 
            146, 
            147, 
            148, 
            149, 
            150, 
            151, 
            152, 
            153, 
            154, 
            155, 
            156, 
            157, 
            158, 
            159, 
            160, 
            161, 
            162, 
            163, 
            164, 
            165, 
            166, 
            167, 
            168, 
            169, 
            170, 
            171, 
            172, 
            173, 
            174, 
            175, 
            176, 
            177, 
            178, 
            179, 
            180, 
            181, 
            182, 
            183, 
            184, 
            185, 
            186, 
            187, 
            188, 
            189, 
            190, 
            191, 
            192, 
            193, 
            194, 
            195, 
            196, 
            197, 
            198, 
            199, 
            200
        ], 
        "djangoUser": [
            "annote"
        ], 
        "firstLogin": true, 
        "user_uuid": "d43dc24c-3184-4df0-b17b-2ec1e0af0ebd", 
        "isStaff": false
    }
},
{
    "pk": 40, 
    "model": "review.reviewuser", 
    "fields": {
        "courses": [
            1, 
            3
        ], 
        "djangoUser": [
            "naoise"
        ], 
        "firstLogin": true, 
        "user_uuid": "d36e557c-fb24-4b08-9958-9d3ef587ef6b", 
        "isStaff": false
    }
},
{
    "pk": 41, 
    "model": "review.reviewuser", 
    "fields": {
        "courses": [
            1
        ], 
        "djangoUser": [
            "s111110"
        ], 
        "firstLogin": true, 
        "user_uuid": "07df2849-33a0-437c-868f-4af10dde1f5f", 
        "isStaff": false
    }
},
{
    "pk": 42, 
    "model": "review.reviewuser", 
    "fields": {
        "courses": [
            53
        ], 
        "djangoUser": [
            "TESTING:user_3"
        ], 
        "firstLogin": true, 
        "user_uuid": "93c8443d-37fc-48d9-90b0-60a5405c8dcb", 
        "isStaff": false
    }
},
{
    "pk": 43, 
    "model": "review.reviewuser", 
    "fields": {
        "courses": [
            1, 
            2, 
            3, 
            4, 
            5, 
            6, 
            7, 
            8, 
            9, 
            10, 
            11, 
            12, 
            13, 
            14, 
            15, 
            16, 
            17, 
            18, 
            19, 
            20, 
            21, 
            22, 
            23, 
            24, 
            25, 
            26, 
            27, 
            28, 
            29, 
            30, 
            31, 
            32, 
            33, 
            34, 
            35, 
            36, 
            37, 
            38, 
            39, 
            40, 
            41, 
            42, 
            43, 
            44, 
            45, 
            46, 
            47, 
            48, 
            49, 
            50, 
            51, 
            52, 
            53, 
            54, 
            55, 
            56, 
            57, 
            58, 
            59, 
            60, 
            61, 
            62, 
            63, 
            64, 
            65, 
            66, 
            67, 
            68, 
            69, 
            70, 
            71, 
            72, 
            73, 
            74, 
            75, 
            76, 
            77, 
            78, 
            79, 
            80, 
            81, 
            82, 
            83, 
            84, 
            85, 
            86, 
            87, 
            88, 
            89, 
            90, 
            91, 
            92, 
            93, 
            94, 
            95, 
            96, 
            97, 
            98, 
            99, 
            100, 
            101, 
            102, 
            103, 
            104, 
            105, 
            106, 
            107, 
            108, 
            109, 
            110, 
            111, 
            112, 
            113, 
            114, 
            115, 
            116, 
            117, 
            118, 
            119, 
            120, 
            121, 
            122, 
            123, 
            124, 
            125, 
            126, 
            127, 
            128, 
            129, 
            130, 
            131, 
            132, 
            133, 
            134, 
            135, 
            136, 
            137, 
            138, 
            139, 
            140, 
            141, 
            142, 
            143, 
            144, 
            145, 
            146, 
            147, 
            148, 
            149, 
            150, 
            151, 
            152, 
            153, 
            154, 
            155, 
            156, 
            157, 
            158, 
            159, 
            160, 
            161, 
            162, 
            163, 
            164, 
            165, 
            166, 
            167, 
            168, 
            169, 
            170, 
            171, 
            172, 
            173, 
            174, 
            175, 
            176, 
            177, 
            178, 
            179, 
            180, 
            181, 
            182, 
            183, 
            184, 
            185, 
            186, 
            187, 
            188, 
            189, 
            190, 
            191, 
            192, 
            193, 
            194, 
            195, 
            196, 
            197, 
            198, 
            199, 
            200
        ], 
        "djangoUser": [
            "sudo"
        ], 
        "firstLogin": true, 
        "user_uuid": "2e9d72e5-73dd-4485-a36d-a86a45e8d061", 
        "isStaff": false
    }
},
{
    "pk": 1, 
    "model": "review.course", 
    "fields": {
        "course_uuid": "c0d0bf8a-b431-4c1a-9ace-2dfb4514e1b8", 
        "students": [], 
        "course_code": "ABCD1234", 
        "course_name": "Introduction to LearnIntro to learning"
    }
},
{
    "pk": 2, 
    "model": "review.course", 
    "fields": {
        "course_uuid": "ee80a762-96af-4033-804d-2249135220a3", 
        "students": [], 
        "course_code": "AERO4200", 
        "course_name": "Flight Mechanics & Avionics"
    }
},
{
    "pk": 3, 
    "model": "review.course", 
    "fields": {
        "course_uuid": "2d277953-f847-4fe9-8ae3-e3a2b8b10f75", 
        "students": [], 
        "course_code": "COMP3301", 
        "course_name": "Operating Systems Architecture"
    }
},
{
    "pk": 4, 
    "model": "review.course", 
    "fields": {
        "course_uuid": "4b0796e0-c07b-4365-9e88-a3ae21cda20b", 
        "students": [], 
        "course_code": "COMP3506", 
        "course_name": "Algorithms & Data Structures"
    }
},
{
    "pk": 5, 
    "model": "review.course", 
    "fields": {
        "course_uuid": "f5523d26-4cd3-496a-b442-3aa1e142e922", 
        "students": [], 
        "course_code": "COMP3702", 
        "course_name": "Artificial Intelligence"
    }
},
{
    "pk": 6, 
    "model": "review.course", 
    "fields": {
        "course_uuid": "a7c01423-6348-4eb3-a164-3eb72bbe6373", 
        "students": [], 
        "course_code": "COMP4403", 
        "course_name": "Compilers and Interpreters"
    }
},
{
    "pk": 7, 
    "model": "review.course", 
    "fields": {
        "course_uuid": "61b70fe7-5bee-496a-9f72-a6d832c0b060", 
        "students": [], 
        "course_code": "COMP4500", 
        "course_name": "Advanced Algorithms & Data Structures"
    }
},
{
    "pk": 8, 
    "model": "review.course", 
    "fields": {
        "course_uuid": "f1e09ee9-e5bf-49a1-8918-8db393134561", 
        "students": [], 
        "course_code": "COMP4702", 
        "course_name": "Machine Learning"
    }
},
{
    "pk": 9, 
    "model": "review.course", 
    "fields": {
        "course_uuid": "5cef10e9-ae92-4256-b9f7-1a243fa175a3", 
        "students": [], 
        "course_code": "COMP6801", 
        "course_name": "Computer Science Research Project"
    }
},
{
    "pk": 10, 
    "model": "review.course", 
    "fields": {
        "course_uuid": "fff2d4fd-8f3b-4a1a-b307-a6a741f7f559", 
        "students": [], 
        "course_code": "COMP6803", 
        "course_name": "Computer Science Research Project"
    }
},
{
    "pk": 11, 
    "model": "review.course", 
    "fields": {
        "course_uuid": "04fd1f7f-3afb-4f4a-b94e-4516d6f528ba", 
        "students": [], 
        "course_code": "COMP6804", 
        "course_name": "Computer Science Research Project"
    }
},
{
    "pk": 12, 
    "model": "review.course", 
    "fields": {
        "course_uuid": "da46ff03-a8ba-4bed-b6d2-6e126c5ffce1", 
        "students": [], 
        "course_code": "COMP7308", 
        "course_name": "Operating Systems Architecture"
    }
},
{
    "pk": 13, 
    "model": "review.course", 
    "fields": {
        "course_uuid": "56501d32-3677-4383-a0e3-dfced7d5a6c6", 
        "students": [], 
        "course_code": "COMP7402", 
        "course_name": "Compilers & Interpreters"
    }
},
{
    "pk": 14, 
    "model": "review.course", 
    "fields": {
        "course_uuid": "0601a3a2-a8e9-494e-8582-2cac931eef36", 
        "students": [], 
        "course_code": "COMP7500", 
        "course_name": "Advanced Algorithms & Data Structures"
    }
},
{
    "pk": 15, 
    "model": "review.course", 
    "fields": {
        "course_uuid": "7588446b-0c9d-4303-970e-1dedf29f5f65", 
        "students": [], 
        "course_code": "COMP7505", 
        "course_name": "Algorithms & Data Structures"
    }
},
{
    "pk": 16, 
    "model": "review.course", 
    "fields": {
        "course_uuid": "0ee54a91-b2f6-46d7-8947-b7451c3cfa80", 
        "students": [], 
        "course_code": "COMP7702", 
        "course_name": "Artificial Intelligence"
    }
},
{
    "pk": 17, 
    "model": "review.course", 
    "fields": {
        "course_uuid": "fd2158a9-15df-425f-a781-29ea3cd374bd", 
        "students": [], 
        "course_code": "COMP7703", 
        "course_name": "Machine Learning"
    }
},
{
    "pk": 18, 
    "model": "review.course", 
    "fields": {
        "course_uuid": "cc78cfe0-4d4f-4b33-b0eb-fffb0a1d891f", 
        "students": [], 
        "course_code": "COMP7801", 
        "course_name": "Computer Science Research Project"
    }
},
{
    "pk": 19, 
    "model": "review.course", 
    "fields": {
        "course_uuid": "560cb42b-12a7-4e16-bf4d-43b5ba205aad", 
        "students": [], 
        "course_code": "COMP7802", 
        "course_name": "Computer Science Research Project"
    }
},
{
    "pk": 20, 
    "model": "review.course", 
    "fields": {
        "course_uuid": "f87b4323-e86b-4249-9531-8374077baa86", 
        "students": [], 
        "course_code": "COMP7840", 
        "course_name": "Computer Science Research Project"
    }
},
{
    "pk": 21, 
    "model": "review.course", 
    "fields": {
        "course_uuid": "7d214426-9ea6-42ef-8c66-6a470d888cb8", 
        "students": [], 
        "course_code": "COMP7860", 
        "course_name": "Computer Science Research Project"
    }
},
{
    "pk": 22, 
    "model": "review.course", 
    "fields": {
        "course_uuid": "cc52fa95-299d-4a7c-a3a9-097aa5c4cb72", 
        "students": [], 
        "course_code": "COMP7861", 
        "course_name": "Computer Science Research Project"
    }
},
{
    "pk": 23, 
    "model": "review.course", 
    "fields": {
        "course_uuid": "c420384f-e7e9-4b06-bb60-5107e8dd5d90", 
        "students": [], 
        "course_code": "COMP7862", 
        "course_name": "Computer Science Research Project"
    }
},
{
    "pk": 24, 
    "model": "review.course", 
    "fields": {
        "course_uuid": "b6b14beb-b8f1-45b8-9d95-8fad0f4cf575", 
        "students": [], 
        "course_code": "COMP7880", 
        "course_name": "Computer Science Research Project"
    }
},
{
    "pk": 25, 
    "model": "review.course", 
    "fields": {
        "course_uuid": "2cdb9e0d-3a61-4d81-a9e6-135a8b24b506", 
        "students": [], 
        "course_code": "COMP7881", 
        "course_name": "Computer Science Research Project"
    }
},
{
    "pk": 26, 
    "model": "review.course", 
    "fields": {
        "course_uuid": "ae7e03f5-331b-4d76-b772-c2a7bb2d6f11", 
        "students": [], 
        "course_code": "COMP7882", 
        "course_name": "Computer Science Research Project"
    }
},
{
    "pk": 27, 
    "model": "review.course", 
    "fields": {
        "course_uuid": "b791aa0f-9c01-4a28-8ab1-b3bfd8d98f86", 
        "students": [], 
        "course_code": "COMS3000", 
        "course_name": "Information Security"
    }
},
{
    "pk": 28, 
    "model": "review.course", 
    "fields": {
        "course_uuid": "b0d5b0bb-b531-4a18-a2c7-50d610c39df8", 
        "students": [], 
        "course_code": "COMS3200", 
        "course_name": "Computer Networks I"
    }
},
{
    "pk": 29, 
    "model": "review.course", 
    "fields": {
        "course_uuid": "cbff2374-ed57-4935-bec0-84b1cf9e889a", 
        "students": [], 
        "course_code": "COMS4103", 
        "course_name": "Photonics"
    }
},
{
    "pk": 30, 
    "model": "review.course", 
    "fields": {
        "course_uuid": "f7292fb9-cd44-473b-9a73-4add20822ecc", 
        "students": [], 
        "course_code": "COMS4104", 
        "course_name": "Microwave Subsystems & Antennas"
    }
},
{
    "pk": 31, 
    "model": "review.course", 
    "fields": {
        "course_uuid": "b984a771-ecf1-4994-9ae8-d5718ac91188", 
        "students": [], 
        "course_code": "COMS4105", 
        "course_name": "Communication Systems"
    }
},
{
    "pk": 32, 
    "model": "review.course", 
    "fields": {
        "course_uuid": "ab685910-9c97-4932-8047-15524f59a622", 
        "students": [], 
        "course_code": "COMS4200", 
        "course_name": "Computer Networks II"
    }
},
{
    "pk": 33, 
    "model": "review.course", 
    "fields": {
        "course_uuid": "2c254ae3-672f-4b82-b5c4-be471c4658a7", 
        "students": [], 
        "course_code": "COMS4507", 
        "course_name": "Advanced Computer and Network Security"
    }
},
{
    "pk": 34, 
    "model": "review.course", 
    "fields": {
        "course_uuid": "0ae42139-e7fa-4ea2-a3b8-01b116532556", 
        "students": [], 
        "course_code": "COMS7003", 
        "course_name": "Information Security"
    }
},
{
    "pk": 35, 
    "model": "review.course", 
    "fields": {
        "course_uuid": "6858255e-0221-4eee-82d1-1797a9f58d08", 
        "students": [], 
        "course_code": "COMS7104", 
        "course_name": "Microwave Subsystems and Antennas"
    }
},
{
    "pk": 36, 
    "model": "review.course", 
    "fields": {
        "course_uuid": "3eeb1f78-8af3-4268-9727-01ceeac9df53", 
        "students": [], 
        "course_code": "COMS7200", 
        "course_name": "Computer Networks II\tMoves to semester 2 from 2013."
    }
},
{
    "pk": 37, 
    "model": "review.course", 
    "fields": {
        "course_uuid": "cad246b7-ff83-4488-b773-70b589a8f735", 
        "students": [], 
        "course_code": "COMS7201", 
        "course_name": "Computer Networks I\tMoves to semester 1 from 2013."
    }
},
{
    "pk": 38, 
    "model": "review.course", 
    "fields": {
        "course_uuid": "b812ced8-2d8d-42e7-ad4f-d5c25f03c8ed", 
        "students": [], 
        "course_code": "COMS7305", 
        "course_name": "Advanced Microwave Circuit Design"
    }
},
{
    "pk": 39, 
    "model": "review.course", 
    "fields": {
        "course_uuid": "957590f3-572a-456c-9d08-4f1405258fe2", 
        "students": [], 
        "course_code": "COMS7306", 
        "course_name": "Electromagnetic Design and Measurements in Microwaves and Photonics"
    }
},
{
    "pk": 40, 
    "model": "review.course", 
    "fields": {
        "course_uuid": "5bc6ea68-1925-40b1-a589-09a72d646796", 
        "students": [], 
        "course_code": "COMS7307", 
        "course_name": "Advanced Photonics"
    }
},
{
    "pk": 41, 
    "model": "review.course", 
    "fields": {
        "course_uuid": "9d5b8885-9a35-4c82-aef7-6a7a37fd6a69", 
        "students": [], 
        "course_code": "COMS7308", 
        "course_name": "Antenna Design"
    }
},
{
    "pk": 42, 
    "model": "review.course", 
    "fields": {
        "course_uuid": "c73735da-acd5-4b03-acda-93ca094484ca", 
        "students": [], 
        "course_code": "COMS7309", 
        "course_name": "Computational Techniques in Electromagnetics"
    }
},
{
    "pk": 43, 
    "model": "review.course", 
    "fields": {
        "course_uuid": "bfc42c3a-31e0-4165-a9fa-eb3e556b1d45", 
        "students": [], 
        "course_code": "COMS7310", 
        "course_name": "Radar and Electronic Warfare Fundamentals"
    }
},
{
    "pk": 44, 
    "model": "review.course", 
    "fields": {
        "course_uuid": "f9486af5-e083-4c89-9b88-55219748e61c", 
        "students": [], 
        "course_code": "COMS7400", 
        "course_name": "Photonics"
    }
},
{
    "pk": 45, 
    "model": "review.course", 
    "fields": {
        "course_uuid": "732ef465-7d61-4741-bb34-244e43c3a5ec", 
        "students": [], 
        "course_code": "COMS7410", 
        "course_name": "Communication Systems"
    }
},
{
    "pk": 46, 
    "model": "review.course", 
    "fields": {
        "course_uuid": "57798e66-89c2-4a18-8a2f-969df83dd5e9", 
        "students": [], 
        "course_code": "COMS7507", 
        "course_name": "Advanced Computer and Network Security"
    }
},
{
    "pk": 47, 
    "model": "review.course", 
    "fields": {
        "course_uuid": "7421665f-3b31-4e51-b646-c58e7c9b11bd", 
        "students": [], 
        "course_code": "COSC2500", 
        "course_name": "Numerical Methods in Computational Science"
    }
},
{
    "pk": 48, 
    "model": "review.course", 
    "fields": {
        "course_uuid": "cc363276-dbeb-4b79-b37d-e8808ab9de49", 
        "students": [], 
        "course_code": "COSC3000", 
        "course_name": "Visualization, Computer Graphics & Data Analysis"
    }
},
{
    "pk": 49, 
    "model": "review.course", 
    "fields": {
        "course_uuid": "cc01138b-fd2b-4e92-a15e-75c2687362ed", 
        "students": [], 
        "course_code": "COSC3500", 
        "course_name": "High-Performance Computing"
    }
},
{
    "pk": 50, 
    "model": "review.course", 
    "fields": {
        "course_uuid": "c3e94525-41de-4c07-921e-8f55afffeded", 
        "students": [], 
        "course_code": "CSSE1001", 
        "course_name": "Introduction to Software Engineering I"
    }
},
{
    "pk": 51, 
    "model": "review.course", 
    "fields": {
        "course_uuid": "44bd4863-77e7-40c0-b18b-bbeb363641c3", 
        "students": [], 
        "course_code": "CSSE2002", 
        "course_name": "Programming in the Large"
    }
},
{
    "pk": 52, 
    "model": "review.course", 
    "fields": {
        "course_uuid": "64d68a29-28e2-4c88-8917-0623aa239869", 
        "students": [], 
        "course_code": "CSSE2010", 
        "course_name": "Introduction to Computer Systems"
    }
},
{
    "pk": 53, 
    "model": "review.course", 
    "fields": {
        "course_uuid": "363cc6fe-0323-4fe5-ad25-35ffcef0ad65", 
        "students": [], 
        "course_code": "CSSE2310", 
        "course_name": "Computer Systems Principles and Programming"
    }
},
{
    "pk": 54, 
    "model": "review.course", 
    "fields": {
        "course_uuid": "346e126c-91ca-46f3-bd51-91355dec3c89", 
        "students": [], 
        "course_code": "CSSE3002", 
        "course_name": "The Software Process"
    }
},
{
    "pk": 55, 
    "model": "review.course", 
    "fields": {
        "course_uuid": "63557d6d-cf94-4efc-89bb-623365f7eb11", 
        "students": [], 
        "course_code": "CSSE3005", 
        "course_name": "Advanced Information Technology Project"
    }
},
{
    "pk": 56, 
    "model": "review.course", 
    "fields": {
        "course_uuid": "dc922a85-58a0-46c9-8be0-f6efa3788c87", 
        "students": [], 
        "course_code": "CSSE3006", 
        "course_name": "Special Projects in Computer Systems and Software Engineering"
    }
},
{
    "pk": 57, 
    "model": "review.course", 
    "fields": {
        "course_uuid": "7fa7f0e6-6d65-4bbf-b284-c87346f04ce4", 
        "students": [], 
        "course_code": "CSSE3010", 
        "course_name": "Embedded Systems Design & Interfacing"
    }
},
{
    "pk": 58, 
    "model": "review.course", 
    "fields": {
        "course_uuid": "3838fc2a-0122-4c35-b65e-3af928bd15d7", 
        "students": [], 
        "course_code": "CSSE4004", 
        "course_name": "Distributed Computing"
    }
},
{
    "pk": 59, 
    "model": "review.course", 
    "fields": {
        "course_uuid": "69d54858-4f75-41f9-a212-c7ab6f150055", 
        "students": [], 
        "course_code": "CSSE4010", 
        "course_name": "Digital System Design"
    }
},
{
    "pk": 60, 
    "model": "review.course", 
    "fields": {
        "course_uuid": "983989f4-47c8-4cd3-b800-6b54a75a6e39", 
        "students": [], 
        "course_code": "CSSE4011", 
        "course_name": "Advanced Embedded Systems"
    }
},
{
    "pk": 61, 
    "model": "review.course", 
    "fields": {
        "course_uuid": "71637208-dad0-4e31-8751-846d55d5cc29", 
        "students": [], 
        "course_code": "CSSE4020", 
        "course_name": "Wireless Sensor Networks"
    }
},
{
    "pk": 62, 
    "model": "review.course", 
    "fields": {
        "course_uuid": "7f77fbba-bd13-48dd-a2ac-8e4ae58c96cd", 
        "students": [], 
        "course_code": "CSSE4603", 
        "course_name": "Models of Software Systems"
    }
},
{
    "pk": 63, 
    "model": "review.course", 
    "fields": {
        "course_uuid": "c75672ae-5c07-4517-8e0a-6c5a6d7db623", 
        "students": [], 
        "course_code": "CSSE7001", 
        "course_name": "The Software Process"
    }
},
{
    "pk": 64, 
    "model": "review.course", 
    "fields": {
        "course_uuid": "164f8294-6d89-46c2-bc18-a686419a16bf", 
        "students": [], 
        "course_code": "CSSE7014", 
        "course_name": "Distributed Computing"
    }
},
{
    "pk": 65, 
    "model": "review.course", 
    "fields": {
        "course_uuid": "6ced6ab8-82c9-49f8-b243-383d1e364a62", 
        "students": [], 
        "course_code": "CSSE7023", 
        "course_name": "Advanced Software Engineering"
    }
},
{
    "pk": 66, 
    "model": "review.course", 
    "fields": {
        "course_uuid": "8572dbdc-ad4c-4b87-a14f-7e4d87a76611", 
        "students": [], 
        "course_code": "CSSE7025", 
        "course_name": "Advanced Information Technology Project"
    }
},
{
    "pk": 67, 
    "model": "review.course", 
    "fields": {
        "course_uuid": "338eea2f-945f-4d6e-8678-5d387b1dfa06", 
        "students": [], 
        "course_code": "CSSE7030", 
        "course_name": "Introduction to Software Engineering I"
    }
},
{
    "pk": 68, 
    "model": "review.course", 
    "fields": {
        "course_uuid": "cde7cbeb-c79e-4e36-a1fb-722d372f90dc", 
        "students": [], 
        "course_code": "CSSE7032", 
        "course_name": "Models of Software Systems"
    }
},
{
    "pk": 69, 
    "model": "review.course", 
    "fields": {
        "course_uuid": "be91ab0b-22a6-4f90-aef7-94602ee5c0c7", 
        "students": [], 
        "course_code": "CSSE7034", 
        "course_name": "Predictable Professional Performance"
    }
},
{
    "pk": 70, 
    "model": "review.course", 
    "fields": {
        "course_uuid": "ecfeed04-450d-4011-8e11-1de4c6daa766", 
        "students": [], 
        "course_code": "CSSE7201", 
        "course_name": "Introduction to Computer Systems"
    }
},
{
    "pk": 71, 
    "model": "review.course", 
    "fields": {
        "course_uuid": "7e847a99-9292-4bc9-8824-1a36062d7be9", 
        "students": [], 
        "course_code": "CSSE7231", 
        "course_name": "Computer Systems Principles and Programming"
    }
},
{
    "pk": 72, 
    "model": "review.course", 
    "fields": {
        "course_uuid": "9c2f17c7-ee88-4f49-92ef-c8f3e6aaa08f", 
        "students": [], 
        "course_code": "CSSE7301", 
        "course_name": "Embedded Systems Design & Interfacing"
    }
},
{
    "pk": 73, 
    "model": "review.course", 
    "fields": {
        "course_uuid": "f2e5e91d-7036-4c71-aaae-78f7d703ccb8", 
        "students": [], 
        "course_code": "CSSE7306", 
        "course_name": "Special Projects in Computer Systems and Software Engineering\t#4"
    }
},
{
    "pk": 74, 
    "model": "review.course", 
    "fields": {
        "course_uuid": "951611cc-8a73-46dd-83a9-dc2f698b2683", 
        "students": [], 
        "course_code": "CSSE7410", 
        "course_name": "Digital System Design"
    }
},
{
    "pk": 75, 
    "model": "review.course", 
    "fields": {
        "course_uuid": "79fda2dc-1ef1-4407-8a3e-8315c5ab7354", 
        "students": [], 
        "course_code": "CSSE7411", 
        "course_name": "Advanced Embedded Systems"
    }
},
{
    "pk": 76, 
    "model": "review.course", 
    "fields": {
        "course_uuid": "655b55d2-f901-4a53-a937-f50792df84e8", 
        "students": [], 
        "course_code": "CSSE7420", 
        "course_name": "Wireless Sensor Networks"
    }
},
{
    "pk": 77, 
    "model": "review.course", 
    "fields": {
        "course_uuid": "40c450fa-8c1e-4120-bf0b-865349866ab4", 
        "students": [], 
        "course_code": "CSSE7500", 
        "course_name": "Modelling and Simulation"
    }
},
{
    "pk": 78, 
    "model": "review.course", 
    "fields": {
        "course_uuid": "df826bdb-d80c-40d8-9a15-29766d006a27", 
        "students": [], 
        "course_code": "CSSE7510", 
        "course_name": "Reconfigurable Embedded Systems - Concepts adn Practice"
    }
},
{
    "pk": 79, 
    "model": "review.course", 
    "fields": {
        "course_uuid": "28eaf276-2031-4cdf-95d7-731b50aa13eb", 
        "students": [], 
        "course_code": "CSSE7520", 
        "course_name": "Unmanned Aerial Vehicles - Avionics"
    }
},
{
    "pk": 80, 
    "model": "review.course", 
    "fields": {
        "course_uuid": "f7156da3-1ce4-4bc8-909e-3e0ef53f39f8", 
        "students": [], 
        "course_code": "CSSE7530", 
        "course_name": "VLSI Circuits and Systems"
    }
},
{
    "pk": 81, 
    "model": "review.course", 
    "fields": {
        "course_uuid": "db3aa0b6-f8c2-453e-864c-27edb97f4b9f", 
        "students": [], 
        "course_code": "CSSE7610", 
        "course_name": "Concurrency: Theory and Practice"
    }
},
{
    "pk": 82, 
    "model": "review.course", 
    "fields": {
        "course_uuid": "2a5a6443-1754-4061-a999-59aaf3044d96", 
        "students": [], 
        "course_code": "DECO1100", 
        "course_name": "Design Thinking"
    }
},
{
    "pk": 83, 
    "model": "review.course", 
    "fields": {
        "course_uuid": "593bd825-5c37-4b9f-a698-258272bb83ee", 
        "students": [], 
        "course_code": "DECO1400", 
        "course_name": "Introduction to Web Design"
    }
},
{
    "pk": 84, 
    "model": "review.course", 
    "fields": {
        "course_uuid": "f25a5b91-c843-404f-af11-3713aa0718bb", 
        "students": [], 
        "course_code": "DECO1800", 
        "course_name": "Design Computing Studio 1 - Interactive Technology"
    }
},
{
    "pk": 85, 
    "model": "review.course", 
    "fields": {
        "course_uuid": "5031c641-5bed-4e0d-b8a5-d22627433485", 
        "students": [], 
        "course_code": "DECO2200", 
        "course_name": "Graphic Design"
    }
},
{
    "pk": 86, 
    "model": "review.course", 
    "fields": {
        "course_uuid": "e20471d9-864c-41ad-9630-1123ec904bc3", 
        "students": [], 
        "course_code": "DECO2300", 
        "course_name": "Digital Prototyping"
    }
},
{
    "pk": 87, 
    "model": "review.course", 
    "fields": {
        "course_uuid": "33bcecb9-c8fb-4601-ab54-2be159da7122", 
        "students": [], 
        "course_code": "DECO2500", 
        "course_name": "Human-Computer Interaction"
    }
},
{
    "pk": 88, 
    "model": "review.course", 
    "fields": {
        "course_uuid": "b5249500-1916-41e0-b001-9ca00f682c72", 
        "students": [], 
        "course_code": "DECO2800", 
        "course_name": "Design Computing Studio 2 - Testing & Evaluation"
    }
},
{
    "pk": 89, 
    "model": "review.course", 
    "fields": {
        "course_uuid": "5b73329d-8e1e-40bc-b02a-2849864c66b7", 
        "students": [], 
        "course_code": "DECO3500", 
        "course_name": "Social and Mobile Computing"
    }
},
{
    "pk": 90, 
    "model": "review.course", 
    "fields": {
        "course_uuid": "edc567ae-23ee-4a0b-847a-ed30eb3fe160", 
        "students": [], 
        "course_code": "DECO3800", 
        "course_name": "Design Computing Studio 3 - Proposal"
    }
},
{
    "pk": 91, 
    "model": "review.course", 
    "fields": {
        "course_uuid": "12ee1599-5781-4947-a7ed-e919f65ac80e", 
        "students": [], 
        "course_code": "DECO3801", 
        "course_name": "Design Computing Studio 3 - Build"
    }
},
{
    "pk": 92, 
    "model": "review.course", 
    "fields": {
        "course_uuid": "7cd97c69-e6af-410b-8225-9babba88104e", 
        "students": [], 
        "course_code": "DECO3850", 
        "course_name": "Physical Computing & Interaction Design Studio"
    }
},
{
    "pk": 93, 
    "model": "review.course", 
    "fields": {
        "course_uuid": "292d71a4-c44d-461d-b000-42cbc7c9bdb4", 
        "students": [], 
        "course_code": "DECO4500", 
        "course_name": "Advanced Human-Computer Interaction"
    }
},
{
    "pk": 94, 
    "model": "review.course", 
    "fields": {
        "course_uuid": "b0c6c328-c440-475c-a43f-17f423d862c2", 
        "students": [], 
        "course_code": "DECO6801", 
        "course_name": "Design Computing Thesis"
    }
},
{
    "pk": 95, 
    "model": "review.course", 
    "fields": {
        "course_uuid": "d46844c3-6eb3-46e7-8db8-52afe165aa1c", 
        "students": [], 
        "course_code": "DECO6802", 
        "course_name": "Design Computing Thesis"
    }
},
{
    "pk": 96, 
    "model": "review.course", 
    "fields": {
        "course_uuid": "b0a3859b-9420-4ba7-86d2-16a8da6cc76f", 
        "students": [], 
        "course_code": "DECO7110", 
        "course_name": "Design Thinking"
    }
},
{
    "pk": 97, 
    "model": "review.course", 
    "fields": {
        "course_uuid": "7426376d-715f-4eac-923c-3ac5a9261a4d", 
        "students": [], 
        "course_code": "DECO7140", 
        "course_name": "Introduction to Web Design"
    }
},
{
    "pk": 98, 
    "model": "review.course", 
    "fields": {
        "course_uuid": "6b8f692f-0993-4015-ab42-72dbb4a00f92", 
        "students": [], 
        "course_code": "DECO7180", 
        "course_name": "Design Computing Studio 1 - Interactive Technology"
    }
},
{
    "pk": 99, 
    "model": "review.course", 
    "fields": {
        "course_uuid": "e6846b02-3c6b-4de2-b5d0-b41befc2c462", 
        "students": [], 
        "course_code": "DECO7220", 
        "course_name": "Graphic Design"
    }
},
{
    "pk": 100, 
    "model": "review.course", 
    "fields": {
        "course_uuid": "02a4eb51-e1f4-4d37-8b73-cd0f626c97c4", 
        "students": [], 
        "course_code": "DECO7230", 
        "course_name": "Digital Prototyping"
    }
},
{
    "pk": 101, 
    "model": "review.course", 
    "fields": {
        "course_uuid": "96cbde91-6f0e-47ca-bd5a-2666b0ea4b38", 
        "students": [], 
        "course_code": "DECO7250", 
        "course_name": "Human-Computer Interaction"
    }
},
{
    "pk": 102, 
    "model": "review.course", 
    "fields": {
        "course_uuid": "fa656eef-74ea-4bc6-a656-4bad70e62430", 
        "students": [], 
        "course_code": "DECO7280", 
        "course_name": "Design Computing Studio 2 - Testing & Evaluation"
    }
},
{
    "pk": 103, 
    "model": "review.course", 
    "fields": {
        "course_uuid": "8fa28fac-1304-40f5-ba37-aef93065167e", 
        "students": [], 
        "course_code": "DECO7350", 
        "course_name": "Social & Mobile Computing"
    }
},
{
    "pk": 104, 
    "model": "review.course", 
    "fields": {
        "course_uuid": "6a7f6e37-02b0-4eb8-be72-cce3e889f669", 
        "students": [], 
        "course_code": "DECO7380", 
        "course_name": "Design Computing Studio 3 - Proposal"
    }
},
{
    "pk": 105, 
    "model": "review.course", 
    "fields": {
        "course_uuid": "efbcf82a-f401-411e-8ad6-1e683b1aee7b", 
        "students": [], 
        "course_code": "DECO7381", 
        "course_name": "Design Computing Studio 3 - Build"
    }
},
{
    "pk": 106, 
    "model": "review.course", 
    "fields": {
        "course_uuid": "1d89351c-f04c-49b8-b5c6-2585fad07036", 
        "students": [], 
        "course_code": "DECO7385", 
        "course_name": "Physical Computing & Interaction Design Studio"
    }
},
{
    "pk": 107, 
    "model": "review.course", 
    "fields": {
        "course_uuid": "3594178c-adc7-43d4-aedf-0a8d80e92857", 
        "students": [], 
        "course_code": "DECO7450", 
        "course_name": "Advanced Human-Computer Interaction"
    }
},
{
    "pk": 108, 
    "model": "review.course", 
    "fields": {
        "course_uuid": "1ec55b02-012f-47dc-a7f6-8a7a56451bd4", 
        "students": [], 
        "course_code": "DECO7860", 
        "course_name": "Masters Thesis"
    }
},
{
    "pk": 109, 
    "model": "review.course", 
    "fields": {
        "course_uuid": "40a41921-f263-408b-8b68-26ad5d364108", 
        "students": [], 
        "course_code": "DECO7861", 
        "course_name": "Masters Thesis"
    }
},
{
    "pk": 110, 
    "model": "review.course", 
    "fields": {
        "course_uuid": "7bc0e558-470d-4e5f-be9e-1436806b29b1", 
        "students": [], 
        "course_code": "DECO7862", 
        "course_name": "Masters Thesis"
    }
},
{
    "pk": 111, 
    "model": "review.course", 
    "fields": {
        "course_uuid": "2bf78fed-eace-4f8f-9b57-f3351b7beda7", 
        "students": [], 
        "course_code": "ELEC2003", 
        "course_name": "Electromechanics & Electronics"
    }
},
{
    "pk": 112, 
    "model": "review.course", 
    "fields": {
        "course_uuid": "efe1f224-a4c8-4fc5-ae14-eb7af723bc54", 
        "students": [], 
        "course_code": "ELEC2004", 
        "course_name": "Circuits, Signals & Systems"
    }
},
{
    "pk": 113, 
    "model": "review.course", 
    "fields": {
        "course_uuid": "b3472ebb-f999-4c22-8fa3-b43e91d6bd2e", 
        "students": [], 
        "course_code": "ELEC3004", 
        "course_name": "Signals, Systems & Control"
    }
},
{
    "pk": 114, 
    "model": "review.course", 
    "fields": {
        "course_uuid": "a871b0d7-4206-438e-ae96-a05e23e84f41", 
        "students": [], 
        "course_code": "ELEC3100", 
        "course_name": "Fundamentals of Electromagnetic Fields & Waves"
    }
},
{
    "pk": 115, 
    "model": "review.course", 
    "fields": {
        "course_uuid": "b8bc7f7e-035a-43ec-87f5-37de0fe7dbac", 
        "students": [], 
        "course_code": "ELEC3300", 
        "course_name": "Electrical Energy Conversion & Utilisation"
    }
},
{
    "pk": 116, 
    "model": "review.course", 
    "fields": {
        "course_uuid": "3a54a237-e088-43f7-b02b-84f9c21cc1b2", 
        "students": [], 
        "course_code": "ELEC3400", 
        "course_name": "Electronic Circuits"
    }
},
{
    "pk": 117, 
    "model": "review.course", 
    "fields": {
        "course_uuid": "9853fccf-db2d-4326-8746-4efe25d7afc9", 
        "students": [], 
        "course_code": "ELEC4300", 
        "course_name": "Power Systems Analysis"
    }
},
{
    "pk": 118, 
    "model": "review.course", 
    "fields": {
        "course_uuid": "a0e2759a-dafc-4b75-8116-1cbbc994dc10", 
        "students": [], 
        "course_code": "ELEC4302", 
        "course_name": "Power System Protection"
    }
},
{
    "pk": 119, 
    "model": "review.course", 
    "fields": {
        "course_uuid": "157c3f61-7dd2-4c6e-9ff6-10cfba27b297", 
        "students": [], 
        "course_code": "ELEC4320", 
        "course_name": "Modern Asset Management and Condition Monitoring in Power System"
    }
},
{
    "pk": 120, 
    "model": "review.course", 
    "fields": {
        "course_uuid": "1e398080-c8c4-43e4-9ada-18d6ae226376", 
        "students": [], 
        "course_code": "ELEC4400", 
        "course_name": "Advanced Electronic & Power Electronics Design"
    }
},
{
    "pk": 121, 
    "model": "review.course", 
    "fields": {
        "course_uuid": "74fef6d7-9092-40f9-aa70-7446cb3ea96d", 
        "students": [], 
        "course_code": "ELEC4403", 
        "course_name": "Medical & Industrial Instrumentation"
    }
},
{
    "pk": 122, 
    "model": "review.course", 
    "fields": {
        "course_uuid": "a8fe3b3c-f62f-482f-842c-f9091bf742d8", 
        "students": [], 
        "course_code": "ELEC4601", 
        "course_name": "Medical Imaging I"
    }
},
{
    "pk": 123, 
    "model": "review.course", 
    "fields": {
        "course_uuid": "9400f134-59e2-4dc6-ad83-869b7dbf0ed8", 
        "students": [], 
        "course_code": "ELEC4620", 
        "course_name": "Digital Signal Processing"
    }
},
{
    "pk": 124, 
    "model": "review.course", 
    "fields": {
        "course_uuid": "4b3bb88b-5b9c-404e-a598-75371df9c41f", 
        "students": [], 
        "course_code": "ELEC4630", 
        "course_name": "Image Processing and Computer Vision"
    }
},
{
    "pk": 125, 
    "model": "review.course", 
    "fields": {
        "course_uuid": "7e5846a4-443f-4aa9-8126-e7c28ea39846", 
        "students": [], 
        "course_code": "ELEC7050", 
        "course_name": "Generator Technology Design & Application"
    }
},
{
    "pk": 126, 
    "model": "review.course", 
    "fields": {
        "course_uuid": "fc0c915b-d57f-4faa-b2cb-6199b69938e7", 
        "students": [], 
        "course_code": "ELEC7051", 
        "course_name": "Transformer Technology Design and Operation"
    }
},
{
    "pk": 127, 
    "model": "review.course", 
    "fields": {
        "course_uuid": "7b8b6c90-ad53-4570-b670-0506e800b2e1", 
        "students": [], 
        "course_code": "ELEC7052", 
        "course_name": "Plant Control Systems\tNot offered after 2013."
    }
},
{
    "pk": 128, 
    "model": "review.course", 
    "fields": {
        "course_uuid": "25a15631-cb99-43d8-a6f5-18e13ea6d32c", 
        "students": [], 
        "course_code": "ELEC7101", 
        "course_name": "Fundamentals of Electromagnetic Fields & Waves"
    }
},
{
    "pk": 129, 
    "model": "review.course", 
    "fields": {
        "course_uuid": "bc12b3f1-8de0-428c-aed9-4a8bc5ed1826", 
        "students": [], 
        "course_code": "ELEC7302", 
        "course_name": "Electrical Energy Conversion & Utilisation"
    }
},
{
    "pk": 130, 
    "model": "review.course", 
    "fields": {
        "course_uuid": "1effcb4e-ecaf-4747-9a38-f88d75614720", 
        "students": [], 
        "course_code": "ELEC7303", 
        "course_name": "Power Systems Analysis"
    }
},
{
    "pk": 131, 
    "model": "review.course", 
    "fields": {
        "course_uuid": "4295dd15-57b2-43a0-8145-95fb8afe39a1", 
        "students": [], 
        "course_code": "ELEC7309", 
        "course_name": "Power System Planning and Reliability"
    }
},
{
    "pk": 132, 
    "model": "review.course", 
    "fields": {
        "course_uuid": "e1dc45df-4f62-4772-b72c-da2718e4bca1", 
        "students": [], 
        "course_code": "ELEC7310", 
        "course_name": "Electricity Market Operation and Security"
    }
},
{
    "pk": 133, 
    "model": "review.course", 
    "fields": {
        "course_uuid": "91ae14eb-6272-49b0-b39d-be41a56db960", 
        "students": [], 
        "course_code": "ELEC7311", 
        "course_name": "Power System Protection"
    }
},
{
    "pk": 134, 
    "model": "review.course", 
    "fields": {
        "course_uuid": "7ee0008b-1075-4a08-8ef2-db15c628b501", 
        "students": [], 
        "course_code": "ELEC7312", 
        "course_name": "Signals, Systems & Control"
    }
},
{
    "pk": 135, 
    "model": "review.course", 
    "fields": {
        "course_uuid": "1cae4a5c-f047-4a37-9471-81476bdf6eb3", 
        "students": [], 
        "course_code": "ELEC7313", 
        "course_name": "Renewable Energy Integration: Technologies to Technical Challenges"
    }
},
{
    "pk": 136, 
    "model": "review.course", 
    "fields": {
        "course_uuid": "2e755568-ee0f-494f-81d5-8dd66b52c123", 
        "students": [], 
        "course_code": "ELEC7401", 
        "course_name": "Electronic Circuits"
    }
},
{
    "pk": 137, 
    "model": "review.course", 
    "fields": {
        "course_uuid": "5436736a-8bad-471e-93cd-83ac578a3a14", 
        "students": [], 
        "course_code": "ELEC7402", 
        "course_name": "Advanced Electronic & Power Electronics Design"
    }
},
{
    "pk": 138, 
    "model": "review.course", 
    "fields": {
        "course_uuid": "f2cbc465-07ff-4087-952e-5ef7f4665646", 
        "students": [], 
        "course_code": "ELEC7403", 
        "course_name": "Medical & Industrial Instrumentation"
    }
},
{
    "pk": 139, 
    "model": "review.course", 
    "fields": {
        "course_uuid": "b0b32aa3-021c-4403-b300-cb46f048a9ba", 
        "students": [], 
        "course_code": "ELEC7420", 
        "course_name": "Modern Asset Management and Condition Monitoring in Power System"
    }
},
{
    "pk": 140, 
    "model": "review.course", 
    "fields": {
        "course_uuid": "949a31b5-0b13-410a-b963-ed76691446f4", 
        "students": [], 
        "course_code": "ELEC7462", 
        "course_name": "Digital Signal Processing"
    }
},
{
    "pk": 141, 
    "model": "review.course", 
    "fields": {
        "course_uuid": "cc32b670-778b-4f8c-80f0-80bf261c29f4", 
        "students": [], 
        "course_code": "ELEC7463", 
        "course_name": "Image Processing and Computer Vision"
    }
},
{
    "pk": 142, 
    "model": "review.course", 
    "fields": {
        "course_uuid": "fc0af9f1-6a91-4015-a2dd-0a1c1f33944b", 
        "students": [], 
        "course_code": "ELEC7606", 
        "course_name": "Medical Imaging I"
    }
},
{
    "pk": 143, 
    "model": "review.course", 
    "fields": {
        "course_uuid": "6368cdfc-a467-44fc-a874-b8a948cd4f66", 
        "students": [], 
        "course_code": "ELEC7901", 
        "course_name": "Advanced Medical Device Engineering"
    }
},
{
    "pk": 144, 
    "model": "review.course", 
    "fields": {
        "course_uuid": "001c1d29-2461-4250-a761-5260f8c63f27", 
        "students": [], 
        "course_code": "ELEC7902", 
        "course_name": "Clinical Biomedical Signal Processing"
    }
},
{
    "pk": 145, 
    "model": "review.course", 
    "fields": {
        "course_uuid": "c376c8b2-9499-4c71-8941-69f2b88a7eb4", 
        "students": [], 
        "course_code": "ELEC7903", 
        "course_name": "Biomedical Engineering in Sports Medicine"
    }
},
{
    "pk": 146, 
    "model": "review.course", 
    "fields": {
        "course_uuid": "97199ea9-c22c-4bfc-b079-a082535b716a", 
        "students": [], 
        "course_code": "ENGG1100", 
        "course_name": "Introduction to Engineering Design"
    }
},
{
    "pk": 147, 
    "model": "review.course", 
    "fields": {
        "course_uuid": "49d5ace8-db4b-444e-bb24-04ac1baecc37", 
        "students": [], 
        "course_code": "ENGG1200", 
        "course_name": "Engineering Modelling & Problem Solving"
    }
},
{
    "pk": 148, 
    "model": "review.course", 
    "fields": {
        "course_uuid": "34ab6b46-01ff-4afa-b135-b95e145d8ecf", 
        "students": [], 
        "course_code": "ENGG1300", 
        "course_name": "Introduction to Electrical Systems"
    }
},
{
    "pk": 149, 
    "model": "review.course", 
    "fields": {
        "course_uuid": "720e90d9-54c3-4912-9464-8bb35dae8076", 
        "students": [], 
        "course_code": "ENGG2800", 
        "course_name": "Team Project I"
    }
},
{
    "pk": 150, 
    "model": "review.course", 
    "fields": {
        "course_uuid": "d5280563-4675-4879-8cb1-7a91007e1ab3", 
        "students": [], 
        "course_code": "ENGG4000", 
        "course_name": "Introduction to Systems Engineering"
    }
},
{
    "pk": 151, 
    "model": "review.course", 
    "fields": {
        "course_uuid": "e4c6cbfc-ef7b-4c00-bd83-51b008130cf4", 
        "students": [], 
        "course_code": "ENGG4020", 
        "course_name": "Systems Safety Engineering"
    }
},
{
    "pk": 152, 
    "model": "review.course", 
    "fields": {
        "course_uuid": "2c8a34a4-a181-411c-9081-958fc6ed66fb", 
        "students": [], 
        "course_code": "ENGG4800", 
        "course_name": "Project Management"
    }
},
{
    "pk": 153, 
    "model": "review.course", 
    "fields": {
        "course_uuid": "f3fc6651-5ee8-42fe-83fd-3f8587a67517", 
        "students": [], 
        "course_code": "ENGG4801", 
        "course_name": "Thesis Project (S1 start)"
    }
},
{
    "pk": 154, 
    "model": "review.course", 
    "fields": {
        "course_uuid": "242249f3-118e-4a0c-b6e9-f78391dbbb73", 
        "students": [], 
        "course_code": "ENGG4802", 
        "course_name": "Thesis Project (S2 start)"
    }
},
{
    "pk": 155, 
    "model": "review.course", 
    "fields": {
        "course_uuid": "a9328727-a0aa-4a94-82fa-7f4969c18727", 
        "students": [], 
        "course_code": "ENGG4805", 
        "course_name": "Thesis Project"
    }
},
{
    "pk": 156, 
    "model": "review.course", 
    "fields": {
        "course_uuid": "5faee042-c15d-4959-b09a-955e19c0c4b1", 
        "students": [], 
        "course_code": "ENGG4810", 
        "course_name": "Team Project II"
    }
},
{
    "pk": 157, 
    "model": "review.course", 
    "fields": {
        "course_uuid": "7362ce9d-3026-4dd7-8571-beec0291bff7", 
        "students": [], 
        "course_code": "ENGG7000", 
        "course_name": "Systems Engineering"
    }
},
{
    "pk": 158, 
    "model": "review.course", 
    "fields": {
        "course_uuid": "bedc8cc2-0e93-4234-b7ba-17a5cbf36cc1", 
        "students": [], 
        "course_code": "ENGG7020", 
        "course_name": "Systems Safety Engineering"
    }
},
{
    "pk": 159, 
    "model": "review.course", 
    "fields": {
        "course_uuid": "34be7ce0-5977-44ce-96ee-3525cfcd2c72", 
        "students": [], 
        "course_code": "ENGG7302", 
        "course_name": "Advanced Computational Techniques in Engineering"
    }
},
{
    "pk": 160, 
    "model": "review.course", 
    "fields": {
        "course_uuid": "1d20443c-5070-4147-a62c-97ec388d299f", 
        "students": [], 
        "course_code": "ENGG7800", 
        "course_name": "Engineering Project Management"
    }
},
{
    "pk": 161, 
    "model": "review.course", 
    "fields": {
        "course_uuid": "dd2b870b-5b66-4e51-a722-c182b266592c", 
        "students": [], 
        "course_code": "ENGG7802", 
        "course_name": "Engineering Postgraduate Project B"
    }
},
{
    "pk": 162, 
    "model": "review.course", 
    "fields": {
        "course_uuid": "530c26df-f751-4cde-96ab-d7d0957c7976", 
        "students": [], 
        "course_code": "ENGG7803", 
        "course_name": "Engineering Postgraduate Project B"
    }
},
{
    "pk": 163, 
    "model": "review.course", 
    "fields": {
        "course_uuid": "fa159bef-2c1b-451c-9231-b79167ba03a1", 
        "students": [], 
        "course_code": "ENGG7804", 
        "course_name": "Engineering Postgraduate Project B"
    }
},
{
    "pk": 164, 
    "model": "review.course", 
    "fields": {
        "course_uuid": "c664c37a-5e0c-4bcd-81fd-43948f170eb2", 
        "students": [], 
        "course_code": "ENGG7806", 
        "course_name": "Engineering Postgraduate Project D"
    }
},
{
    "pk": 165, 
    "model": "review.course", 
    "fields": {
        "course_uuid": "5ef0b0bd-2bb9-4a3e-a5dc-4b71444c6648", 
        "students": [], 
        "course_code": "ENGG7807", 
        "course_name": "Engineering Postgraduate Project D"
    }
},
{
    "pk": 166, 
    "model": "review.course", 
    "fields": {
        "course_uuid": "7dead654-0921-4112-a514-23d4461dc43b", 
        "students": [], 
        "course_code": "ENGG7808", 
        "course_name": "Engineering Postgraduate Project D"
    }
},
{
    "pk": 167, 
    "model": "review.course", 
    "fields": {
        "course_uuid": "298e12d7-084a-4779-8131-e8f1fe549061", 
        "students": [], 
        "course_code": "ENGG7820", 
        "course_name": "Engineering Thesis Project"
    }
},
{
    "pk": 168, 
    "model": "review.course", 
    "fields": {
        "course_uuid": "ad0e3fef-110e-4f31-8c80-27808ab95c03", 
        "students": [], 
        "course_code": "ENGG7830", 
        "course_name": "Engineering Placement Project"
    }
},
{
    "pk": 169, 
    "model": "review.course", 
    "fields": {
        "course_uuid": "68c129ca-3125-42ac-adfd-0b6f0450cb41", 
        "students": [], 
        "course_code": "INFS1200", 
        "course_name": "Introduction to Information Systems"
    }
},
{
    "pk": 170, 
    "model": "review.course", 
    "fields": {
        "course_uuid": "3ebc94f8-0c32-4164-8523-86bca545756e", 
        "students": [], 
        "course_code": "INFS1300", 
        "course_name": "The Web from the Inside Out - from Geeks to Google & Facebook"
    }
},
{
    "pk": 171, 
    "model": "review.course", 
    "fields": {
        "course_uuid": "ddcba88f-6379-4a68-8107-f2673ddf38dc", 
        "students": [], 
        "course_code": "INFS2200", 
        "course_name": "Relational Database Systems"
    }
},
{
    "pk": 172, 
    "model": "review.course", 
    "fields": {
        "course_uuid": "7316a0a6-a77c-45ff-89d5-495cc58caa8a", 
        "students": [], 
        "course_code": "INFS3200", 
        "course_name": "Advanced Database Systems"
    }
},
{
    "pk": 173, 
    "model": "review.course", 
    "fields": {
        "course_uuid": "f5773f54-c044-4e79-9f2c-cf1ab3a691ba", 
        "students": [], 
        "course_code": "INFS3202", 
        "course_name": "Web Information Systems"
    }
},
{
    "pk": 174, 
    "model": "review.course", 
    "fields": {
        "course_uuid": "7a2fa209-1df5-4794-8f00-fa0c08367e4b", 
        "students": [], 
        "course_code": "INFS3204", 
        "course_name": "Service-Oriented Architectures"
    }
},
{
    "pk": 175, 
    "model": "review.course", 
    "fields": {
        "course_uuid": "a01c304a-4345-4126-b96e-51d40fb7f6d4", 
        "students": [], 
        "course_code": "INFS4203", 
        "course_name": "Data Mining"
    }
},
{
    "pk": 176, 
    "model": "review.course", 
    "fields": {
        "course_uuid": "c958a74d-5623-442c-84e9-7a2c6eee7773", 
        "students": [], 
        "course_code": "INFS4205", 
        "course_name": "Spatial and Multimedia Databases"
    }
},
{
    "pk": 177, 
    "model": "review.course", 
    "fields": {
        "course_uuid": "9f1e1576-4214-4908-865d-f59ac00ee7be", 
        "students": [], 
        "course_code": "INFS7130", 
        "course_name": "The Web from the Inside Out - from Geeks to Google & Facebook"
    }
},
{
    "pk": 178, 
    "model": "review.course", 
    "fields": {
        "course_uuid": "2a0c3b0c-5cca-4d3b-8a58-a98a6b8c138d", 
        "students": [], 
        "course_code": "INFS7202", 
        "course_name": "Web Information Systems"
    }
},
{
    "pk": 179, 
    "model": "review.course", 
    "fields": {
        "course_uuid": "0f0f70f1-ffce-41b8-b93a-ba08a7835b8d", 
        "students": [], 
        "course_code": "INFS7203", 
        "course_name": "Data Mining"
    }
},
{
    "pk": 180, 
    "model": "review.course", 
    "fields": {
        "course_uuid": "dc90ef22-2ade-49bf-b7f9-d2b0825bf5cb", 
        "students": [], 
        "course_code": "INFS7204", 
        "course_name": "Service-Oriented Architectures"
    }
},
{
    "pk": 181, 
    "model": "review.course", 
    "fields": {
        "course_uuid": "c6f7c10e-1df8-48eb-a772-118f92c8617f", 
        "students": [], 
        "course_code": "INFS7205", 
        "course_name": "Spatial and Multimedia Databases"
    }
},
{
    "pk": 182, 
    "model": "review.course", 
    "fields": {
        "course_uuid": "ec97fa99-c019-41a5-a315-0b8a56b49704", 
        "students": [], 
        "course_code": "INFS7410", 
        "course_name": "Information Retrieval and Web Search"
    }
},
{
    "pk": 183, 
    "model": "review.course", 
    "fields": {
        "course_uuid": "912669b5-4c9f-4ac0-b167-f2d4ec6cfdb8", 
        "students": [], 
        "course_code": "INFS7900", 
        "course_name": "Information Systems"
    }
},
{
    "pk": 184, 
    "model": "review.course", 
    "fields": {
        "course_uuid": "9b1e99e5-7399-4afc-9602-07560c3e7759", 
        "students": [], 
        "course_code": "INFS7903", 
        "course_name": "Relational Database Systems"
    }
},
{
    "pk": 185, 
    "model": "review.course", 
    "fields": {
        "course_uuid": "882edca7-e3b1-4230-ac27-5e77150ef1f4", 
        "students": [], 
        "course_code": "INFS7907", 
        "course_name": "Advanced Database Systems"
    }
},
{
    "pk": 186, 
    "model": "review.course", 
    "fields": {
        "course_uuid": "1e356a22-651b-4ead-91f6-884f27ed7d3b", 
        "students": [], 
        "course_code": "METR2800", 
        "course_name": "Mechatronic System Design Project I"
    }
},
{
    "pk": 187, 
    "model": "review.course", 
    "fields": {
        "course_uuid": "da3b1093-f34f-4322-84d8-7c7f3ac1b97c", 
        "students": [], 
        "course_code": "METR3100", 
        "course_name": "Sensors & Actuators"
    }
},
{
    "pk": 188, 
    "model": "review.course", 
    "fields": {
        "course_uuid": "aa4b26e4-ef00-457f-ba83-635ea3e00a2e", 
        "students": [], 
        "course_code": "METR3200", 
        "course_name": "Introduction to Control Systems"
    }
},
{
    "pk": 189, 
    "model": "review.course", 
    "fields": {
        "course_uuid": "30f27d6e-0cbe-4367-94c4-7f2aed82151a", 
        "students": [], 
        "course_code": "METR3800", 
        "course_name": "Mechatronic System Design Project II"
    }
},
{
    "pk": 190, 
    "model": "review.course", 
    "fields": {
        "course_uuid": "9bd6aae6-22be-4812-83d4-8f2465b77a26", 
        "students": [], 
        "course_code": "METR4201", 
        "course_name": "Introduction to Control Systems"
    }
},
{
    "pk": 191, 
    "model": "review.course", 
    "fields": {
        "course_uuid": "e1a15a46-3420-4907-9a0c-2c2e06de7019", 
        "students": [], 
        "course_code": "METR4202", 
        "course_name": "Advanced Control & Robotics"
    }
},
{
    "pk": 192, 
    "model": "review.course", 
    "fields": {
        "course_uuid": "29b23002-b855-4653-bdc5-01082878ccb8", 
        "students": [], 
        "course_code": "METR4810", 
        "course_name": "Mechatronic System Design Project II"
    }
},
{
    "pk": 193, 
    "model": "review.course", 
    "fields": {
        "course_uuid": "5881986a-3367-444f-b7db-d0c758c72987", 
        "students": [], 
        "course_code": "METR4900", 
        "course_name": "Thesis/Design Project"
    }
},
{
    "pk": 194, 
    "model": "review.course", 
    "fields": {
        "course_uuid": "d2defe32-c93e-4779-9587-4251a3b403c3", 
        "students": [], 
        "course_code": "METR4901", 
        "course_name": "Thesis/Design Project"
    }
},
{
    "pk": 195, 
    "model": "review.course", 
    "fields": {
        "course_uuid": "f4fb5e6c-86e7-40c1-b25b-ea34c865c017", 
        "students": [], 
        "course_code": "METR7200", 
        "course_name": "Introduction to Control Systems"
    }
},
{
    "pk": 196, 
    "model": "review.course", 
    "fields": {
        "course_uuid": "a3f6f961-2c04-4213-aeaa-882075c0b2e3", 
        "students": [], 
        "course_code": "METR7202", 
        "course_name": "Advanced Control & Robotics"
    }
},
{
    "pk": 197, 
    "model": "review.course", 
    "fields": {
        "course_uuid": "5d8cf9c4-0e59-474a-b6ca-4c9fa9d4b125", 
        "students": [], 
        "course_code": "METR7820", 
        "course_name": "Engineering Thesis Project"
    }
},
{
    "pk": 198, 
    "model": "review.course", 
    "fields": {
        "course_uuid": "24ade3d5-a578-4549-ae9c-e548e6916ebe", 
        "students": [], 
        "course_code": "METR7830", 
        "course_name": "Engineering Placement Project"
    }
},
{
    "pk": 199, 
    "model": "review.course", 
    "fields": {
        "course_uuid": "61515066-2709-407b-aa75-7d7bfebe99ee", 
        "students": [], 
        "course_code": "SCIE1000", 
        "course_name": "Theory & Practice in Science"
    }
},
{
    "pk": 200, 
    "model": "review.course", 
    "fields": {
        "course_uuid": "1c4db223-4179-4023-af21-7dae43ba2efa", 
        "students": [], 
        "course_code": "SCIE2100", 
        "course_name": "1 Introduction to Bioinformatics"
    }
},
{
    "pk": 1, 
    "model": "review.enrol", 
    "fields": {
        "course": 53, 
        "staff": false, 
        "user": 2, 
        "student": false, 
        "tutor": true
    }
},
{
    "pk": 2, 
    "model": "review.enrol", 
    "fields": {
        "course": 53, 
        "staff": false, 
        "user": 2, 
        "student": false, 
        "tutor": true
    }
},
{
    "pk": 1, 
    "model": "review.sourcefolder", 
    "fields": {
        "folder_uuid": "4f0dad34-d6bc-43a6-ae2a-894d9211eb0c", 
        "name": "csse2310", 
        "parent": null
    }
},
{
    "pk": 2, 
    "model": "review.sourcefolder", 
    "fields": {
        "folder_uuid": "25696ebc-7f8c-48c7-a292-86d7db6d3759", 
        "name": "admin_2014-08-28_06-27-48", 
        "parent": null
    }
},
{
    "pk": 3, 
    "model": "review.sourcefolder", 
    "fields": {
        "folder_uuid": "89a65f7f-f684-4a0a-9658-2d2444820881", 
        "name": "folder1", 
        "parent": 2
    }
},
{
    "pk": 4, 
    "model": "review.sourcefolder", 
    "fields": {
        "folder_uuid": "a5234335-811c-42b9-bd1f-714966cb33b6", 
        "name": "folder1-sub", 
        "parent": 3
    }
},
{
    "pk": 5, 
    "model": "review.sourcefolder", 
    "fields": {
        "folder_uuid": "d5840a38-a391-49e9-9495-5e15f0f3aee7", 
        "name": "folder2", 
        "parent": 2
    }
},
{
    "pk": 6, 
    "model": "review.sourcefolder", 
    "fields": {
        "folder_uuid": "ae4f4fea-95fb-43a8-8f2b-ac4120bf1627", 
        "name": "admin_2014-08-28_06-29-04", 
        "parent": null
    }
},
{
    "pk": 7, 
    "model": "review.sourcefolder", 
    "fields": {
        "folder_uuid": "e4eea010-c154-40dd-bafd-b900a1d6811c", 
        "name": "folder1", 
        "parent": 6
    }
},
{
    "pk": 8, 
    "model": "review.sourcefolder", 
    "fields": {
        "folder_uuid": "9b31837a-ae4f-49f3-9d15-7232eaf3366f", 
        "name": "folder1-sub", 
        "parent": 7
    }
},
{
    "pk": 9, 
    "model": "review.sourcefolder", 
    "fields": {
        "folder_uuid": "1b10ad81-5a81-4f26-9350-3a07ddb7cfd5", 
        "name": "folder2", 
        "parent": 6
    }
},
{
    "pk": 10, 
    "model": "review.sourcefolder", 
    "fields": {
        "folder_uuid": "ce6704c0-3f1f-40f8-8287-38d2522f0a70", 
        "name": "admin_2014-08-28_06-46-43", 
        "parent": null
    }
},
{
    "pk": 11, 
    "model": "review.sourcefolder", 
    "fields": {
        "folder_uuid": "c6e63a4e-b5d1-4bfe-83d5-d81b23ff6a09", 
        "name": "admin_2014-08-28_06-47-13", 
        "parent": null
    }
},
{
    "pk": 12, 
    "model": "review.sourcefolder", 
    "fields": {
        "folder_uuid": "f94d7350-05a3-4b1f-ae7e-a1200f3ff153", 
        "name": "admin_2014-08-28_06-47-25", 
        "parent": null
    }
},
{
    "pk": 13, 
    "model": "review.sourcefolder", 
    "fields": {
        "folder_uuid": "2dbdaebc-0768-4e9c-8920-8de3f04251e9", 
        "name": "admin_2014-08-28_07-13-43", 
        "parent": null
    }
},
{
    "pk": 14, 
    "model": "review.sourcefolder", 
    "fields": {
        "folder_uuid": "1190c04e-9b22-439c-87d7-0ee41e38b36b", 
        "name": "folder1", 
        "parent": 13
    }
},
{
    "pk": 15, 
    "model": "review.sourcefolder", 
    "fields": {
        "folder_uuid": "aacd3e15-13d8-4b8e-9c9b-54a3afb5887f", 
        "name": "folder1-sub", 
        "parent": 14
    }
},
{
    "pk": 16, 
    "model": "review.sourcefolder", 
    "fields": {
        "folder_uuid": "81f463e5-b328-4d27-8eb7-e80e4a6570ac", 
        "name": "folder2", 
        "parent": 13
    }
},
{
    "pk": 17, 
    "model": "review.sourcefolder", 
    "fields": {
        "folder_uuid": "526a83bc-c4ef-4558-b424-75f5e11799b7", 
        "name": "s0123456_2014-09-18_11-22-02", 
        "parent": null
    }
},
{
    "pk": 18, 
    "model": "review.sourcefolder", 
    "fields": {
        "folder_uuid": "275a9039-424d-41fe-a7a9-8435c76539dc", 
        "name": "folder1", 
        "parent": 17
    }
},
{
    "pk": 19, 
    "model": "review.sourcefolder", 
    "fields": {
        "folder_uuid": "977f886b-98dd-45d8-91c9-f04aabb170f3", 
        "name": "folder1-sub", 
        "parent": 18
    }
},
{
    "pk": 20, 
    "model": "review.sourcefolder", 
    "fields": {
        "folder_uuid": "72a9eff7-9635-4245-9b76-156eb3c4be71", 
        "name": "folder2", 
        "parent": 17
    }
},
{
    "pk": 21, 
    "model": "review.sourcefolder", 
    "fields": {
        "folder_uuid": "feeb5c62-8ba9-4519-ad9b-f91d42bc3339", 
        "name": "s0123456_2014-09-18_11-24-40", 
        "parent": null
    }
},
{
    "pk": 22, 
    "model": "review.sourcefolder", 
    "fields": {
        "folder_uuid": "7e98330c-85ea-4e39-b302-e2e91671e4b8", 
        "name": "folder1", 
        "parent": 21
    }
},
{
    "pk": 23, 
    "model": "review.sourcefolder", 
    "fields": {
        "folder_uuid": "b0609679-eb4f-48ae-bde0-19fa7a9354ee", 
        "name": "folder1-sub", 
        "parent": 22
    }
},
{
    "pk": 24, 
    "model": "review.sourcefolder", 
    "fields": {
        "folder_uuid": "f20464a1-acd1-4860-9060-fe75deaff951", 
        "name": "folder2", 
        "parent": 21
    }
},
{
    "pk": 25, 
    "model": "review.sourcefolder", 
    "fields": {
        "folder_uuid": "f70c7266-393e-4928-bc29-c3aca8c74045", 
        "name": "s0123456_2014-09-18_11-27-07", 
        "parent": null
    }
},
{
    "pk": 26, 
    "model": "review.sourcefolder", 
    "fields": {
        "folder_uuid": "6a338fb7-3015-43f0-a13e-b72d18099bb1", 
        "name": "folder1", 
        "parent": 25
    }
},
{
    "pk": 27, 
    "model": "review.sourcefolder", 
    "fields": {
        "folder_uuid": "46e9b6fc-6660-4b16-87ef-2b1a1f30b6e9", 
        "name": "folder1-sub", 
        "parent": 26
    }
},
{
    "pk": 28, 
    "model": "review.sourcefolder", 
    "fields": {
        "folder_uuid": "6c761e45-636a-4996-a696-e9b6d41adce1", 
        "name": "folder2", 
        "parent": 25
    }
},
{
    "pk": 29, 
    "model": "review.sourcefolder", 
    "fields": {
        "folder_uuid": "9767c919-deb6-4c48-a309-5299ca3726f1", 
        "name": "naoise_2014-09-18_12-31-03", 
        "parent": null
    }
},
{
    "pk": 30, 
    "model": "review.sourcefolder", 
    "fields": {
        "folder_uuid": "0dbfff13-ea9d-4f21-89d6-54035de96a15", 
        "name": "folder1", 
        "parent": 29
    }
},
{
    "pk": 31, 
    "model": "review.sourcefolder", 
    "fields": {
        "folder_uuid": "90e5ad11-e80b-49a2-9862-c42dba7e89a0", 
        "name": "folder1-sub", 
        "parent": 30
    }
},
{
    "pk": 32, 
    "model": "review.sourcefolder", 
    "fields": {
        "folder_uuid": "db199ef6-9257-4386-b8c4-26a021100495", 
        "name": "folder2", 
        "parent": 29
    }
},
{
    "pk": 33, 
    "model": "review.sourcefolder", 
    "fields": {
        "folder_uuid": "82ac3eb8-5bc6-4022-9e30-69efb5be1b3e", 
        "name": "s111110_2014-09-18_12-33-24", 
        "parent": null
    }
},
{
    "pk": 34, 
    "model": "review.sourcefolder", 
    "fields": {
        "folder_uuid": "9a48d396-e970-4ea3-9033-36b9a18c09a2", 
        "name": "folder1", 
        "parent": 33
    }
},
{
    "pk": 35, 
    "model": "review.sourcefolder", 
    "fields": {
        "folder_uuid": "7b178e21-b60e-4a25-82e4-50186d613b9f", 
        "name": "folder1-sub", 
        "parent": 34
    }
},
{
    "pk": 36, 
    "model": "review.sourcefolder", 
    "fields": {
        "folder_uuid": "1e415191-9d02-4bee-90cc-c2281dc3c792", 
        "name": "folder2", 
        "parent": 33
    }
},
{
    "pk": 37, 
    "model": "review.sourcefolder", 
    "fields": {
        "folder_uuid": "165ab483-8240-4531-9ae6-e9806b9ab375", 
        "name": "s1234567_2014-09-18_12-33-53", 
        "parent": null
    }
},
{
    "pk": 38, 
    "model": "review.sourcefolder", 
    "fields": {
        "folder_uuid": "77d0d2e2-c20f-409e-b248-771c3d7be033", 
        "name": "folder1", 
        "parent": 37
    }
},
{
    "pk": 39, 
    "model": "review.sourcefolder", 
    "fields": {
        "folder_uuid": "85ba4ff6-e87f-4fe2-89e3-91c9cc69a799", 
        "name": "folder1-sub", 
        "parent": 38
    }
},
{
    "pk": 40, 
    "model": "review.sourcefolder", 
    "fields": {
        "folder_uuid": "0da00574-2c78-48e6-a64b-8698d5927af8", 
        "name": "folder2", 
        "parent": 37
    }
},
{
    "pk": 41, 
    "model": "review.sourcefolder", 
    "fields": {
        "folder_uuid": "919ab2d0-4e12-4659-ad29-ab97b6a2cf67", 
        "name": "naoise_2014-09-18_14-03-06", 
        "parent": null
    }
},
{
    "pk": 42, 
    "model": "review.sourcefolder", 
    "fields": {
        "folder_uuid": "6197de7e-2555-4a01-adb6-bcec7598ef93", 
        "name": "naoise_2014-09-20_11-13-18", 
        "parent": null
    }
},
{
    "pk": 43, 
    "model": "review.sourcefolder", 
    "fields": {
        "folder_uuid": "53c29616-a78e-48ee-8a16-1f0e4aad91d9", 
        "name": "folder1", 
        "parent": 42
    }
},
{
    "pk": 44, 
    "model": "review.sourcefolder", 
    "fields": {
        "folder_uuid": "4cadd65f-1557-432f-b1c1-e4e0337bda7a", 
        "name": "folder1-sub", 
        "parent": 43
    }
},
{
    "pk": 45, 
    "model": "review.sourcefolder", 
    "fields": {
        "folder_uuid": "b5223f89-04b8-4989-856e-31c2bc8c0f93", 
        "name": "folder2", 
        "parent": 42
    }
},
{
    "pk": 46, 
    "model": "review.sourcefolder", 
    "fields": {
        "folder_uuid": "aca11dc9-d6bf-43b9-9b2d-e508a7c1add1", 
        "name": "admin_2014-09-22_01-28-07", 
        "parent": null
    }
},
{
    "pk": 47, 
    "model": "review.sourcefolder", 
    "fields": {
        "folder_uuid": "e4634265-0aca-49ff-a39c-5ee25e95a6b1", 
        "name": "folder1", 
        "parent": 46
    }
},
{
    "pk": 48, 
    "model": "review.sourcefolder", 
    "fields": {
        "folder_uuid": "75865493-b795-4ce2-8fe6-a0a5999efec9", 
        "name": "folder1-sub", 
        "parent": 47
    }
},
{
    "pk": 49, 
    "model": "review.sourcefolder", 
    "fields": {
        "folder_uuid": "4a4c35d5-ddae-434e-ade1-6035040ab971", 
        "name": "folder2", 
        "parent": 46
    }
},
{
    "pk": 50, 
    "model": "review.sourcefolder", 
    "fields": {
        "folder_uuid": "8c22da8a-b1f1-4b2a-bfe1-a2d3595e444e", 
        "name": "TESTING:user_3_2014-09-22_03-57-43", 
        "parent": null
    }
},
{
    "pk": 51, 
    "model": "review.sourcefolder", 
    "fields": {
        "folder_uuid": "637bfd9b-9332-4ab6-8045-d6661bb1ec84", 
        "name": "folder1", 
        "parent": 50
    }
},
{
    "pk": 52, 
    "model": "review.sourcefolder", 
    "fields": {
        "folder_uuid": "271726a9-9305-4a60-87b6-b4f784c8858d", 
        "name": "folder1-sub", 
        "parent": 51
    }
},
{
    "pk": 53, 
    "model": "review.sourcefolder", 
    "fields": {
        "folder_uuid": "9495c12f-d09d-4dfc-912d-28e28bd661a7", 
        "name": "folder2", 
        "parent": 50
    }
},
{
    "pk": 54, 
    "model": "review.sourcefolder", 
    "fields": {
        "folder_uuid": "4c80502a-1475-4591-8e19-1cb515de6d5d", 
        "name": "tom_2014-09-22_04-16-12", 
        "parent": null
    }
},
{
    "pk": 55, 
    "model": "review.sourcefolder", 
    "fields": {
        "folder_uuid": "5bf6f186-2119-442a-b14f-62b04a2127f0", 
        "name": "folder1", 
        "parent": 54
    }
},
{
    "pk": 56, 
    "model": "review.sourcefolder", 
    "fields": {
        "folder_uuid": "497ac2ce-7fc7-439c-bd52-50d7db614141", 
        "name": "folder1-sub", 
        "parent": 55
    }
},
{
    "pk": 57, 
    "model": "review.sourcefolder", 
    "fields": {
        "folder_uuid": "1689ae84-0d19-4c34-be45-b66ae07d5f3b", 
        "name": "folder2", 
        "parent": 54
    }
},
{
    "pk": 58, 
    "model": "review.sourcefolder", 
    "fields": {
        "folder_uuid": "a14e7c1d-2e4f-4301-b58d-4251d9db7e79", 
        "name": "tom_2014-09-24_05-12-16", 
        "parent": null
    }
},
{
    "pk": 59, 
    "model": "review.sourcefolder", 
    "fields": {
        "folder_uuid": "436c87dd-c4c7-4a08-9331-cd56dfe207e0", 
        "name": "folder1", 
        "parent": 58
    }
},
{
    "pk": 60, 
    "model": "review.sourcefolder", 
    "fields": {
        "folder_uuid": "6660c402-cfc2-4269-b9c6-75ac2ef5f3d8", 
        "name": "folder1-sub", 
        "parent": 59
    }
},
{
    "pk": 61, 
    "model": "review.sourcefolder", 
    "fields": {
        "folder_uuid": "d21bf25c-85d2-405b-93b5-9ca838f1c2a2", 
        "name": "folder2", 
        "parent": 58
    }
},
{
    "pk": 62, 
    "model": "review.sourcefolder", 
    "fields": {
        "folder_uuid": "35474a8f-7eb1-4de3-ba9c-025475de7d4f", 
        "name": "TESTING:user_2_2014-09-24_05-45-09", 
        "parent": null
    }
},
{
    "pk": 63, 
    "model": "review.sourcefolder", 
    "fields": {
        "folder_uuid": "2e493291-1883-48f8-912d-f053769da4b1", 
        "name": "folder1", 
        "parent": 62
    }
},
{
    "pk": 64, 
    "model": "review.sourcefolder", 
    "fields": {
        "folder_uuid": "ea2f860f-028d-4427-b9f1-8a1d30f99ea2", 
        "name": "folder1-sub", 
        "parent": 63
    }
},
{
    "pk": 65, 
    "model": "review.sourcefolder", 
    "fields": {
        "folder_uuid": "bfd7bc85-6f9d-4dd2-9280-d5ae579c46ea", 
        "name": "folder2", 
        "parent": 62
    }
},
{
    "pk": 66, 
    "model": "review.sourcefolder", 
    "fields": {
        "folder_uuid": "211bf62f-b75b-4423-8b97-dcaa9a7d4adf", 
        "name": "TESTING:user_2_2014-09-24_05-45-32", 
        "parent": null
    }
},
{
    "pk": 67, 
    "model": "review.sourcefolder", 
    "fields": {
        "folder_uuid": "b4c482f3-8f95-4c51-99d4-19b99c9ce58b", 
        "name": "folder1", 
        "parent": 66
    }
},
{
    "pk": 68, 
    "model": "review.sourcefolder", 
    "fields": {
        "folder_uuid": "695a3d72-91c8-4bdc-bc4f-c911feb5dc91", 
        "name": "folder1-sub", 
        "parent": 67
    }
},
{
    "pk": 69, 
    "model": "review.sourcefolder", 
    "fields": {
        "folder_uuid": "6b6c1f44-23ce-4af7-b016-47c59c5310fd", 
        "name": "TESTING:user_2_2014-09-24_05-48-41", 
        "parent": null
    }
},
{
    "pk": 70, 
    "model": "review.sourcefolder", 
    "fields": {
        "folder_uuid": "efd02e5f-e798-48ce-8dcc-664951693b74", 
        "name": "folder1", 
        "parent": 69
    }
},
{
    "pk": 71, 
    "model": "review.sourcefolder", 
    "fields": {
        "folder_uuid": "420d5219-6971-4925-bab1-f3fc8276f268", 
        "name": "folder1-sub", 
        "parent": 70
    }
},
{
    "pk": 72, 
    "model": "review.sourcefolder", 
    "fields": {
        "folder_uuid": "4dfa91c8-6163-497b-9a14-4cfe71627c91", 
        "name": "folder2", 
        "parent": 69
    }
},
{
    "pk": 73, 
    "model": "review.sourcefolder", 
    "fields": {
        "folder_uuid": "6a447132-397e-492c-988e-66e64818ebc5", 
        "name": "TESTING:user_2_2014-09-24_05-48-50", 
        "parent": null
    }
},
{
    "pk": 74, 
    "model": "review.sourcefolder", 
    "fields": {
        "folder_uuid": "28834978-9049-4cbe-8cb4-0d5a6ba631dd", 
        "name": "folder1", 
        "parent": 73
    }
},
{
    "pk": 75, 
    "model": "review.sourcefolder", 
    "fields": {
        "folder_uuid": "c36791de-ac84-4a91-bc8b-58ec551ff7ba", 
        "name": "folder1-sub", 
        "parent": 74
    }
},
{
    "pk": 76, 
    "model": "review.sourcefolder", 
    "fields": {
        "folder_uuid": "e135d023-5842-43fe-9f92-c006945bb13c", 
        "name": "folder2", 
        "parent": 73
    }
},
{
    "pk": 77, 
    "model": "review.sourcefolder", 
    "fields": {
        "folder_uuid": "2207d165-90a9-48f1-8df1-8ab8eb772dfe", 
        "name": "TESTING:user_2_2014-09-24_05-50-17", 
        "parent": null
    }
},
{
    "pk": 78, 
    "model": "review.sourcefolder", 
    "fields": {
        "folder_uuid": "dbc18a96-4fb3-48c6-a71f-541fcad85e30", 
        "name": "folder1", 
        "parent": 77
    }
},
{
    "pk": 79, 
    "model": "review.sourcefolder", 
    "fields": {
        "folder_uuid": "994270e5-da51-49c0-bec1-12377d1890f2", 
        "name": "folder1-sub", 
        "parent": 78
    }
},
{
    "pk": 80, 
    "model": "review.sourcefolder", 
    "fields": {
        "folder_uuid": "0d9cbd7d-c8af-4c2d-99f5-82891f6fd6cd", 
        "name": "folder2", 
        "parent": 77
    }
},
{
    "pk": 81, 
    "model": "review.sourcefolder", 
    "fields": {
        "folder_uuid": "f9a84b2f-3da7-48e1-84f1-316d0a62f5a3", 
        "name": "TESTING:user_2_2014-09-24_06-08-54", 
        "parent": null
    }
},
{
    "pk": 82, 
    "model": "review.sourcefolder", 
    "fields": {
        "folder_uuid": "7364a974-befe-41bf-8e84-51ffb9c781bd", 
        "name": "folder1", 
        "parent": 81
    }
},
{
    "pk": 83, 
    "model": "review.sourcefolder", 
    "fields": {
        "folder_uuid": "5489aacd-33cc-4733-8597-d19ef341be1e", 
        "name": "folder1-sub", 
        "parent": 82
    }
},
{
    "pk": 84, 
    "model": "review.sourcefolder", 
    "fields": {
        "folder_uuid": "120464e2-a338-4fb9-a846-dcccff0c5b92", 
        "name": "folder2", 
        "parent": 81
    }
},
{
    "pk": 85, 
    "model": "review.sourcefolder", 
    "fields": {
        "folder_uuid": "84674093-69ab-4d2e-b8fd-ce078454f01d", 
        "name": "tom_2014-09-25_05-07-58", 
        "parent": null
    }
},
{
    "pk": 86, 
    "model": "review.sourcefolder", 
    "fields": {
        "folder_uuid": "76955a08-a1f1-4d7e-ba0c-29061e887b66", 
        "name": "folder1", 
        "parent": 85
    }
},
{
    "pk": 87, 
    "model": "review.sourcefolder", 
    "fields": {
        "folder_uuid": "a403dcc5-0b79-4cb6-a987-6e8f06802a3d", 
        "name": "folder1-sub", 
        "parent": 86
    }
},
{
    "pk": 88, 
    "model": "review.sourcefolder", 
    "fields": {
        "folder_uuid": "b3b5f9cd-021e-4a59-90a7-f07cd7a31bc8", 
        "name": "folder2", 
        "parent": 85
    }
},
{
    "pk": 2, 
    "model": "review.sourcefile", 
    "fields": {
        "file_uuid": "55380bab-58c1-49a5-b4e9-7bd7a5e55dea", 
        "folder": 1, 
        "name": "urls", 
        "file": "source-files/2014-08-27/05-06/10-236115/urls.py", 
        "submission": null
    }
},
{
    "pk": 11, 
    "model": "review.sourcefile", 
    "fields": {
        "file_uuid": "c914afba-c8e4-4554-9ae8-c9fc8618a617", 
        "folder": 13, 
        "name": "rootfile.txt", 
        "file": "ABCD1234/fdasasdfas/admin_2014-08-28_07-13-43/rootfile.txt", 
        "submission": null
    }
},
{
    "pk": 12, 
    "model": "review.sourcefile", 
    "fields": {
        "file_uuid": "90488735-a8af-4282-82ce-f3e59a55a5e3", 
        "folder": 14, 
        "name": "folder1_testfile.txt", 
        "file": "ABCD1234/fdasasdfas/admin_2014-08-28_07-13-43/folder1/folder1_testfile.txt", 
        "submission": null
    }
},
{
    "pk": 13, 
    "model": "review.sourcefile", 
    "fields": {
        "file_uuid": "7eae9f3b-bf54-481c-a7a1-0ff897a66e20", 
        "folder": 15, 
        "name": "folder1-sub-testfile.py", 
        "file": "ABCD1234/fdasasdfas/admin_2014-08-28_07-13-43/folder1/folder1-sub/folder1-sub-testfile.py", 
        "submission": null
    }
},
{
    "pk": 14, 
    "model": "review.sourcefile", 
    "fields": {
        "file_uuid": "8e299c63-5706-4423-95e2-9e69431c99ac", 
        "folder": 16, 
        "name": "folder2_testfile.py", 
        "file": "ABCD1234/fdasasdfas/admin_2014-08-28_07-13-43/folder2/folder2_testfile.py", 
        "submission": null
    }
},
{
    "pk": 15, 
    "model": "review.sourcefile", 
    "fields": {
        "file_uuid": "45721683-4db7-437a-961c-01467c06a852", 
        "folder": 17, 
        "name": "rootfile.txt", 
        "file": "ABCD1234/SingleSubmit/s0123456_2014-09-18_11-22-02/rootfile.txt", 
        "submission": 20
    }
},
{
    "pk": 16, 
    "model": "review.sourcefile", 
    "fields": {
        "file_uuid": "bdb6f6fa-f481-4d5e-99fe-4ca908a33ca4", 
        "folder": 18, 
        "name": "folder1_testfile.txt", 
        "file": "ABCD1234/SingleSubmit/s0123456_2014-09-18_11-22-02/folder1/folder1_testfile.txt", 
        "submission": 20
    }
},
{
    "pk": 17, 
    "model": "review.sourcefile", 
    "fields": {
        "file_uuid": "1f5c6d6c-7dd1-4934-9caa-8fd3bd9641a6", 
        "folder": 19, 
        "name": "folder1-sub-testfile.py", 
        "file": "ABCD1234/SingleSubmit/s0123456_2014-09-18_11-22-02/folder1/folder1-sub/folder1-sub-testfile.py", 
        "submission": 20
    }
},
{
    "pk": 18, 
    "model": "review.sourcefile", 
    "fields": {
        "file_uuid": "9c03a196-6c48-434a-a413-62dfba9d1772", 
        "folder": 20, 
        "name": "folder2_testfile.py", 
        "file": "ABCD1234/SingleSubmit/s0123456_2014-09-18_11-22-02/folder2/folder2_testfile.py", 
        "submission": 20
    }
},
{
    "pk": 19, 
    "model": "review.sourcefile", 
    "fields": {
        "file_uuid": "57000403-0d52-4ded-96d2-cd8ceb2feedf", 
        "folder": 21, 
        "name": "rootfile.txt", 
        "file": "ABCD1234/ASMT1/s0123456_2014-09-18_11-24-40/rootfile.txt", 
        "submission": 21
    }
},
{
    "pk": 20, 
    "model": "review.sourcefile", 
    "fields": {
        "file_uuid": "2fb7d8b4-6f5d-49d3-aef4-920303c4209e", 
        "folder": 22, 
        "name": "folder1_testfile.txt", 
        "file": "ABCD1234/ASMT1/s0123456_2014-09-18_11-24-40/folder1/folder1_testfile.txt", 
        "submission": 21
    }
},
{
    "pk": 21, 
    "model": "review.sourcefile", 
    "fields": {
        "file_uuid": "8a77fb53-4eb5-4d72-bf5a-8caf27a18e02", 
        "folder": 23, 
        "name": "folder1-sub-testfile.py", 
        "file": "ABCD1234/ASMT1/s0123456_2014-09-18_11-24-40/folder1/folder1-sub/folder1-sub-testfile.py", 
        "submission": 21
    }
},
{
    "pk": 22, 
    "model": "review.sourcefile", 
    "fields": {
        "file_uuid": "c71af725-dfe6-4e12-95fe-4a2d1abd8338", 
        "folder": 24, 
        "name": "folder2_testfile.py", 
        "file": "ABCD1234/ASMT1/s0123456_2014-09-18_11-24-40/folder2/folder2_testfile.py", 
        "submission": 21
    }
},
{
    "pk": 23, 
    "model": "review.sourcefile", 
    "fields": {
        "file_uuid": "8e2245f3-c712-4658-b503-a28160c7a79d", 
        "folder": 26, 
        "name": "folder1_testfile.txt", 
        "file": "ABCD1234/ASMT1/s0123456_2014-09-18_11-27-07/folder1/folder1_testfile.txt", 
        "submission": 23
    }
},
{
    "pk": 24, 
    "model": "review.sourcefile", 
    "fields": {
        "file_uuid": "bc62232f-9f90-4ad5-8048-4fd3cbd999e3", 
        "folder": 27, 
        "name": "folder1-sub-testfile.py", 
        "file": "ABCD1234/ASMT1/s0123456_2014-09-18_11-27-07/folder1/folder1-sub/folder1-sub-testfile.py", 
        "submission": 23
    }
},
{
    "pk": 25, 
    "model": "review.sourcefile", 
    "fields": {
        "file_uuid": "c671ae21-279f-4bc6-ac31-eb980e292de1", 
        "folder": 28, 
        "name": "folder2_testfile.py", 
        "file": "ABCD1234/ASMT1/s0123456_2014-09-18_11-27-07/folder2/folder2_testfile.py", 
        "submission": 23
    }
},
{
    "pk": 26, 
    "model": "review.sourcefile", 
    "fields": {
        "file_uuid": "21190c58-5770-4666-a594-91fe902287a8", 
        "folder": 30, 
        "name": "folder1_testfile.txt", 
        "file": "ABCD1234/ASMT1/naoise_2014-09-18_12-31-03/folder1/folder1_testfile.txt", 
        "submission": 24
    }
},
{
    "pk": 27, 
    "model": "review.sourcefile", 
    "fields": {
        "file_uuid": "097a8ef6-c792-425f-b877-46aa5cb149b7", 
        "folder": 31, 
        "name": "folder1-sub-testfile.py", 
        "file": "ABCD1234/ASMT1/naoise_2014-09-18_12-31-03/folder1/folder1-sub/folder1-sub-testfile.py", 
        "submission": 24
    }
},
{
    "pk": 28, 
    "model": "review.sourcefile", 
    "fields": {
        "file_uuid": "d1c17ee4-0dd1-46ac-aa78-5d28439b1ed6", 
        "folder": 32, 
        "name": "folder2_testfile.py", 
        "file": "ABCD1234/ASMT1/naoise_2014-09-18_12-31-03/folder2/folder2_testfile.py", 
        "submission": 24
    }
},
{
    "pk": 29, 
    "model": "review.sourcefile", 
    "fields": {
        "file_uuid": "00af6f04-572a-43af-85d8-3721fe72222b", 
        "folder": 34, 
        "name": "folder1_testfile.txt", 
        "file": "ABCD1234/ASMT1/s111110_2014-09-18_12-33-24/folder1/folder1_testfile.txt", 
        "submission": 25
    }
},
{
    "pk": 30, 
    "model": "review.sourcefile", 
    "fields": {
        "file_uuid": "dd416956-4843-4723-8d7c-84ad62878fcf", 
        "folder": 35, 
        "name": "folder1-sub-testfile.py", 
        "file": "ABCD1234/ASMT1/s111110_2014-09-18_12-33-24/folder1/folder1-sub/folder1-sub-testfile.py", 
        "submission": 25
    }
},
{
    "pk": 31, 
    "model": "review.sourcefile", 
    "fields": {
        "file_uuid": "07036227-2f1e-4185-9edd-0f1c903ac346", 
        "folder": 36, 
        "name": "folder2_testfile.py", 
        "file": "ABCD1234/ASMT1/s111110_2014-09-18_12-33-24/folder2/folder2_testfile.py", 
        "submission": 25
    }
},
{
    "pk": 32, 
    "model": "review.sourcefile", 
    "fields": {
        "file_uuid": "2fd9b6f9-a33e-4e35-9539-cd573811b62a", 
        "folder": 38, 
        "name": "folder1_testfile.txt", 
        "file": "ABCD1234/ASMT1/s1234567_2014-09-18_12-33-53/folder1/folder1_testfile.txt", 
        "submission": 26
    }
},
{
    "pk": 33, 
    "model": "review.sourcefile", 
    "fields": {
        "file_uuid": "41bb1e4d-3dd9-4e10-8369-c9bf4723b3b0", 
        "folder": 39, 
        "name": "folder1-sub-testfile.py", 
        "file": "ABCD1234/ASMT1/s1234567_2014-09-18_12-33-53/folder1/folder1-sub/folder1-sub-testfile.py", 
        "submission": 26
    }
},
{
    "pk": 34, 
    "model": "review.sourcefile", 
    "fields": {
        "file_uuid": "961fff43-1f00-4b66-ad57-7febddae6fd8", 
        "folder": 40, 
        "name": "folder2_testfile.py", 
        "file": "ABCD1234/ASMT1/s1234567_2014-09-18_12-33-53/folder2/folder2_testfile.py", 
        "submission": 26
    }
},
{
    "pk": 35, 
    "model": "review.sourcefile", 
    "fields": {
        "file_uuid": "5b77432d-2476-4fbd-b9d9-5b82d00a02d0", 
        "folder": 42, 
        "name": "rootfile.txt", 
        "file": "help/naoise/naoise_2014-09-20_11-13-18/rootfile.txt", 
        "submission": null
    }
},
{
    "pk": 36, 
    "model": "review.sourcefile", 
    "fields": {
        "file_uuid": "333fd869-f871-4fc8-a226-b201e1846b07", 
        "folder": 43, 
        "name": "folder1_testfile.txt", 
        "file": "help/naoise/naoise_2014-09-20_11-13-18/folder1/folder1_testfile.txt", 
        "submission": null
    }
},
{
    "pk": 37, 
    "model": "review.sourcefile", 
    "fields": {
        "file_uuid": "ec2a4931-55c7-4703-8412-43cbcebb034c", 
        "folder": 44, 
        "name": "folder1-sub-testfile.py", 
        "file": "help/naoise/naoise_2014-09-20_11-13-18/folder1/folder1-sub/folder1-sub-testfile.py", 
        "submission": null
    }
},
{
    "pk": 38, 
    "model": "review.sourcefile", 
    "fields": {
        "file_uuid": "1508d305-a7fe-4915-8c25-18f108b99f24", 
        "folder": 45, 
        "name": "folder2_testfile.py", 
        "file": "help/naoise/naoise_2014-09-20_11-13-18/folder2/folder2_testfile.py", 
        "submission": null
    }
},
{
    "pk": 39, 
    "model": "review.sourcefile", 
    "fields": {
        "file_uuid": "0e6d8de5-ec4b-4a22-b6d0-c2079de51fb2", 
        "folder": 46, 
        "name": "rootfile.txt", 
        "file": "ABCD1234/ASMT1/admin_2014-09-22_01-28-07/rootfile.txt", 
        "submission": 27
    }
},
{
    "pk": 40, 
    "model": "review.sourcefile", 
    "fields": {
        "file_uuid": "4438652b-a720-4f86-a6aa-8d2960e47c93", 
        "folder": 47, 
        "name": "folder1_testfile.txt", 
        "file": "ABCD1234/ASMT1/admin_2014-09-22_01-28-07/folder1/folder1_testfile.txt", 
        "submission": 27
    }
},
{
    "pk": 41, 
    "model": "review.sourcefile", 
    "fields": {
        "file_uuid": "8abf2e82-df3f-4e80-9455-313c9f9f90a2", 
        "folder": 48, 
        "name": "folder1-sub-testfile.py", 
        "file": "ABCD1234/ASMT1/admin_2014-09-22_01-28-07/folder1/folder1-sub/folder1-sub-testfile.py", 
        "submission": 27
    }
},
{
    "pk": 42, 
    "model": "review.sourcefile", 
    "fields": {
        "file_uuid": "ccd250a1-0e2c-4317-8189-dfaf3677ef6e", 
        "folder": 49, 
        "name": "folder2_testfile.py", 
        "file": "ABCD1234/ASMT1/admin_2014-09-22_01-28-07/folder2/folder2_testfile.py", 
        "submission": 27
    }
},
{
    "pk": 43, 
    "model": "review.sourcefile", 
    "fields": {
        "file_uuid": "c019d4ca-50ea-4656-94d1-157f3fbe7803", 
        "folder": 50, 
        "name": "rootfile.txt", 
        "file": "help/TESTING:user_3/TESTING:user_3_2014-09-22_03-57-43/rootfile.txt", 
        "submission": null
    }
},
{
    "pk": 44, 
    "model": "review.sourcefile", 
    "fields": {
        "file_uuid": "db5dba02-583c-4cf4-92ae-c0a8653a1a1b", 
        "folder": 51, 
        "name": "folder1_testfile.txt", 
        "file": "help/TESTING:user_3/TESTING:user_3_2014-09-22_03-57-43/folder1/folder1_testfile.txt", 
        "submission": null
    }
},
{
    "pk": 45, 
    "model": "review.sourcefile", 
    "fields": {
        "file_uuid": "72fdb76b-62cb-42cc-b977-8448475a20f9", 
        "folder": 52, 
        "name": "folder1-sub-testfile.py", 
        "file": "help/TESTING:user_3/TESTING:user_3_2014-09-22_03-57-43/folder1/folder1-sub/folder1-sub-testfile.py", 
        "submission": null
    }
},
{
    "pk": 46, 
    "model": "review.sourcefile", 
    "fields": {
        "file_uuid": "7d10abba-795f-4cb1-9568-752beecea11b", 
        "folder": 53, 
        "name": "folder2_testfile.py", 
        "file": "help/TESTING:user_3/TESTING:user_3_2014-09-22_03-57-43/folder2/folder2_testfile.py", 
        "submission": null
    }
},
{
    "pk": 47, 
    "model": "review.sourcefile", 
    "fields": {
        "file_uuid": "19deb3bb-ee0c-49f4-bb8f-828366aaeba9", 
        "folder": 54, 
        "name": "rootfile.txt", 
        "file": "ABCD1234/SingleSubmit/tom_2014-09-22_04-16-12/rootfile.txt", 
        "submission": 28
    }
},
{
    "pk": 48, 
    "model": "review.sourcefile", 
    "fields": {
        "file_uuid": "e115b31e-a66f-492d-87eb-e747379d2468", 
        "folder": 55, 
        "name": "folder1_testfile.txt", 
        "file": "ABCD1234/SingleSubmit/tom_2014-09-22_04-16-12/folder1/folder1_testfile.txt", 
        "submission": 28
    }
},
{
    "pk": 49, 
    "model": "review.sourcefile", 
    "fields": {
        "file_uuid": "a97e7c37-945b-4f62-9260-ed609dcde72f", 
        "folder": 56, 
        "name": "folder1-sub-testfile.py", 
        "file": "ABCD1234/SingleSubmit/tom_2014-09-22_04-16-12/folder1/folder1-sub/folder1-sub-testfile.py", 
        "submission": 28
    }
},
{
    "pk": 50, 
    "model": "review.sourcefile", 
    "fields": {
        "file_uuid": "5335970c-1616-49fb-b914-6edbc9279ebd", 
        "folder": 57, 
        "name": "folder2_testfile.py", 
        "file": "ABCD1234/SingleSubmit/tom_2014-09-22_04-16-12/folder2/folder2_testfile.py", 
        "submission": 28
    }
},
{
    "pk": 51, 
    "model": "review.sourcefile", 
    "fields": {
        "file_uuid": "5912c3ef-dfca-4064-8a20-a7f0c1741653", 
        "folder": 58, 
        "name": "rootfile.txt", 
        "file": "ABCD1234/ASMT1/tom_2014-09-24_05-12-16/rootfile.txt", 
        "submission": 29
    }
},
{
    "pk": 52, 
    "model": "review.sourcefile", 
    "fields": {
        "file_uuid": "7ddd5d05-b2f6-4859-b02e-b784e98dc251", 
        "folder": 59, 
        "name": "folder1_testfile.txt", 
        "file": "ABCD1234/ASMT1/tom_2014-09-24_05-12-16/folder1/folder1_testfile.txt", 
        "submission": 29
    }
},
{
    "pk": 53, 
    "model": "review.sourcefile", 
    "fields": {
        "file_uuid": "fe3ec0c2-2987-4e61-b12c-2a07b81ab671", 
        "folder": 60, 
        "name": "folder1-sub-testfile.py", 
        "file": "ABCD1234/ASMT1/tom_2014-09-24_05-12-16/folder1/folder1-sub/folder1-sub-testfile.py", 
        "submission": 29
    }
},
{
    "pk": 54, 
    "model": "review.sourcefile", 
    "fields": {
        "file_uuid": "c04e1799-259e-405c-9bbc-0c927f89c1d0", 
        "folder": 61, 
        "name": "folder2_testfile.py", 
        "file": "ABCD1234/ASMT1/tom_2014-09-24_05-12-16/folder2/folder2_testfile.py", 
        "submission": 29
    }
},
{
    "pk": 55, 
    "model": "review.sourcefile", 
    "fields": {
        "file_uuid": "f24201c9-c386-4f8a-86ca-672ac737b911", 
        "folder": 62, 
        "name": "rootfile.txt", 
        "file": "ABCD1234/SingleSubmit/TESTING:user_2_2014-09-24_05-45-09/rootfile.txt", 
        "submission": 30
    }
},
{
    "pk": 56, 
    "model": "review.sourcefile", 
    "fields": {
        "file_uuid": "3e77d71a-6c5b-496c-8356-624e52baa8f0", 
        "folder": 63, 
        "name": "folder1_testfile.txt", 
        "file": "ABCD1234/SingleSubmit/TESTING:user_2_2014-09-24_05-45-09/folder1/folder1_testfile.txt", 
        "submission": 30
    }
},
{
    "pk": 57, 
    "model": "review.sourcefile", 
    "fields": {
        "file_uuid": "e9d1c943-605c-45b1-8cd3-ea9f967a005d", 
        "folder": 64, 
        "name": "folder1-sub-testfile.py", 
        "file": "ABCD1234/SingleSubmit/TESTING:user_2_2014-09-24_05-45-09/folder1/folder1-sub/folder1-sub-testfile.py", 
        "submission": 30
    }
},
{
    "pk": 58, 
    "model": "review.sourcefile", 
    "fields": {
        "file_uuid": "665e67b3-2c86-4c54-95a8-18005aa5b70d", 
        "folder": 65, 
        "name": "folder2_testfile.py", 
        "file": "ABCD1234/SingleSubmit/TESTING:user_2_2014-09-24_05-45-09/folder2/folder2_testfile.py", 
        "submission": 30
    }
},
{
    "pk": 59, 
    "model": "review.sourcefile", 
    "fields": {
        "file_uuid": "38f1636a-fd6d-45ea-9dc2-927140429211", 
        "folder": 66, 
        "name": "rootfile.txt", 
        "file": "ABCD1234/ReviewNotOpen/TESTING:user_2_2014-09-24_05-45-32/rootfile.txt", 
        "submission": 31
    }
},
{
    "pk": 60, 
    "model": "review.sourcefile", 
    "fields": {
        "file_uuid": "6aeb766f-c6b3-478a-ad8f-5874dc4e42c3", 
        "folder": 67, 
        "name": "folder1_testfile.txt", 
        "file": "ABCD1234/ReviewNotOpen/TESTING:user_2_2014-09-24_05-45-32/folder1/folder1_testfile.txt", 
        "submission": 31
    }
},
{
    "pk": 62, 
    "model": "review.sourcefile", 
    "fields": {
        "file_uuid": "4262caf6-99c9-4e3c-9a8b-82904b3e2311", 
        "folder": 69, 
        "name": "rootfile.txt", 
        "file": "ABCD1234/ReviewNotOpen/TESTING:user_2_2014-09-24_05-48-41/rootfile.txt", 
        "submission": 32
    }
},
{
    "pk": 63, 
    "model": "review.sourcefile", 
    "fields": {
        "file_uuid": "baee2cf9-4dfe-4bc9-b728-69f395be6896", 
        "folder": 70, 
        "name": "folder1_testfile.txt", 
        "file": "ABCD1234/ReviewNotOpen/TESTING:user_2_2014-09-24_05-48-41/folder1/folder1_testfile.txt", 
        "submission": 32
    }
},
{
    "pk": 64, 
    "model": "review.sourcefile", 
    "fields": {
        "file_uuid": "c0016fcf-f478-4c84-8be9-a5fbd41f3c47", 
        "folder": 71, 
        "name": "folder1-sub-testfile.py", 
        "file": "ABCD1234/ReviewNotOpen/TESTING:user_2_2014-09-24_05-48-41/folder1/folder1-sub/folder1-sub-testfile.py", 
        "submission": 32
    }
},
{
    "pk": 65, 
    "model": "review.sourcefile", 
    "fields": {
        "file_uuid": "4e7d557b-11e1-47ee-9015-7669047b4f4a", 
        "folder": 72, 
        "name": "folder2_testfile.py", 
        "file": "ABCD1234/ReviewNotOpen/TESTING:user_2_2014-09-24_05-48-41/folder2/folder2_testfile.py", 
        "submission": 32
    }
},
{
    "pk": 66, 
    "model": "review.sourcefile", 
    "fields": {
        "file_uuid": "14316dc2-530d-4a1d-945c-64349d144e3d", 
        "folder": 73, 
        "name": "rootfile.txt", 
        "file": "ABCD1234/ReviewNotOpen/TESTING:user_2_2014-09-24_05-48-50/rootfile.txt", 
        "submission": 33
    }
},
{
    "pk": 67, 
    "model": "review.sourcefile", 
    "fields": {
        "file_uuid": "30bc5e92-89f9-4233-a1f5-bcc45269788d", 
        "folder": 74, 
        "name": "folder1_testfile.txt", 
        "file": "ABCD1234/ReviewNotOpen/TESTING:user_2_2014-09-24_05-48-50/folder1/folder1_testfile.txt", 
        "submission": 33
    }
},
{
    "pk": 68, 
    "model": "review.sourcefile", 
    "fields": {
        "file_uuid": "b7a0e8fe-f930-41df-a15a-208afda7731a", 
        "folder": 75, 
        "name": "folder1-sub-testfile.py", 
        "file": "ABCD1234/ReviewNotOpen/TESTING:user_2_2014-09-24_05-48-50/folder1/folder1-sub/folder1-sub-testfile.py", 
        "submission": 33
    }
},
{
    "pk": 69, 
    "model": "review.sourcefile", 
    "fields": {
        "file_uuid": "dce64b53-50e5-4d27-8017-4491e3bef995", 
        "folder": 76, 
        "name": "folder2_testfile.py", 
        "file": "ABCD1234/ReviewNotOpen/TESTING:user_2_2014-09-24_05-48-50/folder2/folder2_testfile.py", 
        "submission": 33
    }
},
{
    "pk": 70, 
    "model": "review.sourcefile", 
    "fields": {
        "file_uuid": "f65c44e3-4834-49a6-89a7-f6dcc7d53e0e", 
        "folder": 77, 
        "name": "rootfile.txt", 
        "file": "help/TESTING:user_2/TESTING:user_2_2014-09-24_05-50-17/rootfile.txt", 
        "submission": null
    }
},
{
    "pk": 71, 
    "model": "review.sourcefile", 
    "fields": {
        "file_uuid": "23a997d4-13b2-477b-97fc-f7ff8dd29d4d", 
        "folder": 78, 
        "name": "folder1_testfile.txt", 
        "file": "help/TESTING:user_2/TESTING:user_2_2014-09-24_05-50-17/folder1/folder1_testfile.txt", 
        "submission": null
    }
},
{
    "pk": 72, 
    "model": "review.sourcefile", 
    "fields": {
        "file_uuid": "523fb723-306b-43a4-bb72-16b6d5790bda", 
        "folder": 79, 
        "name": "folder1-sub-testfile.py", 
        "file": "help/TESTING:user_2/TESTING:user_2_2014-09-24_05-50-17/folder1/folder1-sub/folder1-sub-testfile.py", 
        "submission": null
    }
},
{
    "pk": 73, 
    "model": "review.sourcefile", 
    "fields": {
        "file_uuid": "7973be4b-b735-4cbf-a3cb-94c4a1e7951e", 
        "folder": 80, 
        "name": "folder2_testfile.py", 
        "file": "help/TESTING:user_2/TESTING:user_2_2014-09-24_05-50-17/folder2/folder2_testfile.py", 
        "submission": null
    }
},
{
    "pk": 74, 
    "model": "review.sourcefile", 
    "fields": {
        "file_uuid": "efcf73b7-abd5-4a49-9575-534231ca7853", 
        "folder": 81, 
        "name": "rootfile.txt", 
        "file": "help/TESTING:user_2/TESTING:user_2_2014-09-24_06-08-54/rootfile.txt", 
        "submission": null
    }
},
{
    "pk": 75, 
    "model": "review.sourcefile", 
    "fields": {
        "file_uuid": "a00544e6-a920-4e1d-b26f-0c09444de499", 
        "folder": 82, 
        "name": "folder1_testfile.txt", 
        "file": "help/TESTING:user_2/TESTING:user_2_2014-09-24_06-08-54/folder1/folder1_testfile.txt", 
        "submission": null
    }
},
{
    "pk": 76, 
    "model": "review.sourcefile", 
    "fields": {
        "file_uuid": "70ae16ad-30a4-48e3-8791-32194f4119a0", 
        "folder": 83, 
        "name": "folder1-sub-testfile.py", 
        "file": "help/TESTING:user_2/TESTING:user_2_2014-09-24_06-08-54/folder1/folder1-sub/folder1-sub-testfile.py", 
        "submission": null
    }
},
{
    "pk": 77, 
    "model": "review.sourcefile", 
    "fields": {
        "file_uuid": "c33395ef-651b-4130-8669-9c0be44a7afe", 
        "folder": 84, 
        "name": "folder2_testfile.py", 
        "file": "help/TESTING:user_2/TESTING:user_2_2014-09-24_06-08-54/folder2/folder2_testfile.py", 
        "submission": null
    }
},
{
    "pk": 78, 
    "model": "review.sourcefile", 
    "fields": {
        "file_uuid": "2e3da3b7-d320-464c-903a-73da681d4cfd", 
        "folder": 85, 
        "name": "rootfile.txt", 
        "file": "help/tom/tom_2014-09-25_05-07-58/rootfile.txt", 
        "submission": null
    }
},
{
    "pk": 79, 
    "model": "review.sourcefile", 
    "fields": {
        "file_uuid": "f4c4bbfe-58c6-4f42-a957-b3f47d7b71ac", 
        "folder": 86, 
        "name": "folder1_testfile.txt", 
        "file": "help/tom/tom_2014-09-25_05-07-58/folder1/folder1_testfile.txt", 
        "submission": null
    }
},
{
    "pk": 80, 
    "model": "review.sourcefile", 
    "fields": {
        "file_uuid": "8ac72f76-20cb-440c-b4a9-a674183c7608", 
        "folder": 87, 
        "name": "folder1-sub-testfile.py", 
        "file": "help/tom/tom_2014-09-25_05-07-58/folder1/folder1-sub/folder1-sub-testfile.py", 
        "submission": null
    }
},
{
    "pk": 81, 
    "model": "review.sourcefile", 
    "fields": {
        "file_uuid": "94dd3756-835d-49a9-a6a1-fcb060c6b42b", 
        "folder": 88, 
        "name": "folder2_testfile.py", 
        "file": "help/tom/tom_2014-09-25_05-07-58/folder2/folder2_testfile.py", 
        "submission": null
    }
},
{
    "pk": 1, 
    "model": "review.assignment", 
    "fields": {
        "assignment_uuid": "cfafd9e3-8555-416e-a42e-583b9a405d61", 
        "multiple_submissions": true, 
        "name": "Learning 1", 
        "submission_close_date": "2014-08-10T12:44:34Z", 
        "repository_format": "https://www.source-hosting.com/{username}/ass1/ ", 
        "reviews_per_student": 0, 
        "submission_open_date": "2014-08-10T02:43:57Z", 
        "review_close_date": "2014-08-10T12:44:36Z", 
        "first_display_date": "2014-08-10T02:43:57Z", 
        "review_open_date": "2014-08-10T02:43:57Z", 
        "min_annotations": 0, 
        "course_code": 1
    }
},
{
    "pk": 4, 
    "model": "review.assignment", 
    "fields": {
        "assignment_uuid": "bdf53f3e-b8df-4d28-bd36-93af08b22639", 
        "multiple_submissions": true, 
        "name": "fdasasdfas", 
        "submission_close_date": "2014-08-31T11:00:00Z", 
        "repository_format": "asdfasd", 
        "reviews_per_student": 0, 
        "submission_open_date": "2014-08-27T10:40:00Z", 
        "review_close_date": "2014-08-28T02:00:00Z", 
        "first_display_date": "2014-08-28T18:30:00Z", 
        "review_open_date": "2014-08-28T10:40:00Z", 
        "min_annotations": 0, 
        "course_code": 1
    }
},
{
    "pk": 5, 
    "model": "review.assignment", 
    "fields": {
        "assignment_uuid": "14513aed-5d95-4b3d-aa93-2e07f29c4f22", 
        "multiple_submissions": true, 
        "name": "ASMT1", 
        "submission_close_date": "2014-12-31T21:16:51Z", 
        "repository_format": "adlkfjadf", 
        "reviews_per_student": 3, 
        "submission_open_date": "2014-09-18T11:16:29Z", 
        "review_close_date": "2015-01-01T21:17:12Z", 
        "first_display_date": "2014-09-18T11:16:29Z", 
        "review_open_date": "2014-09-18T11:16:29Z", 
        "min_annotations": 4, 
        "course_code": 1
    }
},
{
    "pk": 6, 
    "model": "review.assignment", 
    "fields": {
        "assignment_uuid": "7b9924ef-befb-4b02-8001-899a8f0117aa", 
        "multiple_submissions": true, 
        "name": "SingleSubmit", 
        "submission_close_date": "2014-12-31T21:17:37Z", 
        "repository_format": "adlkfjadlfkj", 
        "reviews_per_student": 3, 
        "submission_open_date": "2014-09-18T11:17:25Z", 
        "review_close_date": "2014-12-31T21:17:47Z", 
        "first_display_date": "2014-09-18T11:17:25Z", 
        "review_open_date": "2014-09-18T11:17:25Z", 
        "min_annotations": 0, 
        "course_code": 1
    }
},
{
    "pk": 7, 
    "model": "review.assignment", 
    "fields": {
        "assignment_uuid": "16bd0aa6-a9ec-4db8-9776-abd4a70ec7db", 
        "multiple_submissions": true, 
        "name": "ReviewNotOpen", 
        "submission_close_date": "2014-11-30T21:18:09Z", 
        "repository_format": "dafadfadf", 
        "reviews_per_student": 2, 
        "submission_open_date": "2014-09-18T11:17:58Z", 
        "review_close_date": "2014-12-31T21:18:17Z", 
        "first_display_date": "2014-09-18T11:17:58Z", 
        "review_open_date": "2014-12-01T11:17:58Z", 
        "min_annotations": 0, 
        "course_code": 1
    }
},
{
    "pk": 8, 
    "model": "review.assignment", 
    "fields": {
        "assignment_uuid": "103e76f4-2f56-490c-85b3-f6b2bb6f252d", 
        "multiple_submissions": true, 
        "name": "Unsubmitted", 
        "submission_close_date": "2014-12-31T19:49:00Z", 
        "repository_format": "aldkfjaldkfj", 
        "reviews_per_student": 0, 
        "submission_open_date": "2014-09-20T09:48:41Z", 
        "review_close_date": "2014-12-31T19:49:11Z", 
        "first_display_date": "2014-09-20T09:48:41Z", 
        "review_open_date": "2014-09-20T09:48:41Z", 
        "min_annotations": 0, 
        "course_code": 1
    }
},
{
    "pk": 9, 
    "model": "review.assignment", 
    "fields": {
        "assignment_uuid": "6cc111f1-3b43-4613-8576-e53ad8450d12", 
        "multiple_submissions": true, 
        "name": "test_tests", 
        "submission_close_date": "2014-09-28T01:30:00Z", 
        "repository_format": "git", 
        "reviews_per_student": 0, 
        "submission_open_date": "2014-09-24T08:10:02Z", 
        "review_close_date": "2014-09-28T02:30:00Z", 
        "first_display_date": "2014-09-24T08:10:02Z", 
        "review_open_date": "2014-09-24T08:10:02Z", 
        "min_annotations": 0, 
        "course_code": 1
    }
},
{
    "pk": 1, 
    "model": "review.assignmentsubmission", 
    "fields": {
        "submission_date": "2014-08-27T06:25:14Z", 
        "submission_for": 1, 
        "root_folder": 1, 
        "submission_uuid": "3936d9bd-278f-4105-aa81-a8575912cf53", 
        "error_occurred": false, 
        "by": 1, 
        "submission_repository": "fdsafsa"
    }
},
{
    "pk": 16, 
    "model": "review.assignmentsubmission", 
    "fields": {
        "submission_date": "2014-08-28T07:13:43Z", 
        "submission_for": 4, 
        "root_folder": 13, 
        "submission_uuid": "8951dd83-fb1b-4abd-bdcf-4bc45691ae27", 
        "error_occurred": false, 
        "by": 2, 
        "submission_repository": "https://github.com/avadendas/public_test_repo.git"
    }
},
{
    "pk": 20, 
    "model": "review.assignmentsubmission", 
    "fields": {
        "submission_date": "2014-09-18T11:22:02Z", 
        "submission_for": 6, 
        "root_folder": 17, 
        "submission_uuid": "07394121-a571-4680-b92d-c9602cddca4e", 
        "error_occurred": false, 
        "by": 15, 
        "submission_repository": "https://github.com/avadendas/public_test_repo.git"
    }
},
{
    "pk": 21, 
    "model": "review.assignmentsubmission", 
    "fields": {
        "submission_date": "2014-09-18T11:24:40Z", 
        "submission_for": 5, 
        "root_folder": 21, 
        "submission_uuid": "abeafb27-01f3-4eab-b349-6d3191bd320b", 
        "error_occurred": false, 
        "by": 15, 
        "submission_repository": "https://github.com/avadendas/public_test_repo.git"
    }
},
{
    "pk": 22, 
    "model": "review.assignmentsubmission", 
    "fields": {
        "submission_date": "2014-09-18T11:25:33Z", 
        "submission_for": 5, 
        "root_folder": null, 
        "submission_uuid": "31b5a3b5-b40b-47ff-8d19-10aa8f701f1e", 
        "error_occurred": false, 
        "by": 15, 
        "submission_repository": "https://github.com/avadendas/private_test_repo.git"
    }
},
{
    "pk": 23, 
    "model": "review.assignmentsubmission", 
    "fields": {
        "submission_date": "2014-09-18T11:27:07Z", 
        "submission_for": 5, 
        "root_folder": 25, 
        "submission_uuid": "d1ee5fd9-e00b-49da-bf1e-f7e5662c1771", 
        "error_occurred": false, 
        "by": 15, 
        "submission_repository": "git@github.com:avadendas/private_test_repo.git"
    }
},
{
    "pk": 24, 
    "model": "review.assignmentsubmission", 
    "fields": {
        "submission_date": "2014-09-18T12:31:03Z", 
        "submission_for": 5, 
        "root_folder": 29, 
        "submission_uuid": "24637e52-9f88-4571-a174-9bd050af261a", 
        "error_occurred": false, 
        "by": 40, 
        "submission_repository": "git@github.com:avadendas/private_test_repo.git"
    }
},
{
    "pk": 25, 
    "model": "review.assignmentsubmission", 
    "fields": {
        "submission_date": "2014-09-18T12:33:24Z", 
        "submission_for": 5, 
        "root_folder": 33, 
        "submission_uuid": "c51271c5-6758-4310-b713-b7a211ff884b", 
        "error_occurred": false, 
        "by": 41, 
        "submission_repository": "git@github.com:avadendas/private_test_repo.git"
    }
},
{
    "pk": 26, 
    "model": "review.assignmentsubmission", 
    "fields": {
        "submission_date": "2014-09-18T12:33:53Z", 
        "submission_for": 5, 
        "root_folder": 37, 
        "submission_uuid": "95c907a2-f944-453f-8a1b-e3222977b734", 
        "error_occurred": false, 
        "by": 16, 
        "submission_repository": "git@github.com:avadendas/private_test_repo.git"
    }
},
{
    "pk": 27, 
    "model": "review.assignmentsubmission", 
    "fields": {
        "submission_date": "2014-09-22T01:28:07Z", 
        "submission_for": 5, 
        "root_folder": 46, 
        "submission_uuid": "2c5d1507-6892-4d92-872c-8759800d6016", 
        "error_occurred": false, 
        "by": 2, 
        "submission_repository": "https://github.com/avadendas/public_test_repo.git"
    }
},
{
    "pk": 28, 
    "model": "review.assignmentsubmission", 
    "fields": {
        "submission_date": "2014-09-22T04:16:12Z", 
        "submission_for": 6, 
        "root_folder": 54, 
        "submission_uuid": "cc04176b-21dc-410a-bdd3-b2d01acb16fe", 
        "error_occurred": false, 
        "by": 1, 
        "submission_repository": "https://github.com/avadendas/public_test_repo.git"
    }
},
{
    "pk": 29, 
    "model": "review.assignmentsubmission", 
    "fields": {
        "submission_date": "2014-09-24T05:12:16Z", 
        "submission_for": 5, 
        "root_folder": 58, 
        "submission_uuid": "96964638-8bac-4fc8-9db6-6000691aa7d5", 
        "error_occurred": false, 
        "by": 1, 
        "submission_repository": "https://github.com/avadendas/public_test_repo.git"
    }
},
{
    "pk": 30, 
    "model": "review.assignmentsubmission", 
    "fields": {
        "submission_date": "2014-09-24T05:45:09Z", 
        "submission_for": 6, 
        "root_folder": 62, 
        "submission_uuid": "46b26379-3267-4ea6-9eb7-61a8979679f7", 
        "error_occurred": false, 
        "by": 2, 
        "submission_repository": "https://github.com/avadendas/public_test_repo.git"
    }
},
{
    "pk": 31, 
    "model": "review.assignmentsubmission", 
    "fields": {
        "submission_date": "2014-09-24T05:45:32Z", 
        "submission_for": 7, 
        "root_folder": 66, 
        "submission_uuid": "f33360d9-2435-498f-9d93-d2435899201f", 
        "error_occurred": false, 
        "by": 2, 
        "submission_repository": "https://github.com/avadendas/public_test_repo.git"
    }
},
{
    "pk": 32, 
    "model": "review.assignmentsubmission", 
    "fields": {
        "submission_date": "2014-09-24T05:48:41Z", 
        "submission_for": 7, 
        "root_folder": 69, 
        "submission_uuid": "5e177ea8-d9be-40bd-9feb-54b3a2bd9d87", 
        "error_occurred": false, 
        "by": 2, 
        "submission_repository": "https://github.com/avadendas/public_test_repo.git"
    }
},
{
    "pk": 33, 
    "model": "review.assignmentsubmission", 
    "fields": {
        "submission_date": "2014-09-24T05:48:50Z", 
        "submission_for": 7, 
        "root_folder": 73, 
        "submission_uuid": "e78cd5a9-ccf2-48f1-9063-6a03c5db8570", 
        "error_occurred": false, 
        "by": 2, 
        "submission_repository": "https://github.com/avadendas/public_test_repo.git"
    }
},
{
    "pk": 2, 
    "model": "review.sourceannotation", 
    "fields": {
        "updated": "2014-08-28T07:14:01Z", 
        "annotation_uuid": "81acc48c-3cb7-4f68-ae16-c851ff7f2f0a", 
        "submission": null, 
        "created": "2014-08-28T07:14:01Z", 
        "text": "fdsafsda", 
        "source": 11, 
        "user": 1, 
        "quote": "fdsa"
    }
},
{
    "pk": 4, 
    "model": "review.sourceannotation", 
    "fields": {
        "updated": "2014-08-29T01:54:02Z", 
        "annotation_uuid": "2af5e58d-b727-49dd-9c4c-dda9f36cd207", 
        "submission": null, 
        "created": "2014-08-29T01:54:02Z", 
        "text": "43242", 
        "source": 14, 
        "user": 2, 
        "quote": "43242"
    }
},
{
    "pk": 10, 
    "model": "review.sourceannotation", 
    "fields": {
        "updated": "2014-08-29T02:03:06Z", 
        "annotation_uuid": "599ed2d2-f56a-4c23-9ed2-e8be6aed33ed", 
        "submission": null, 
        "created": "2014-08-29T02:03:06Z", 
        "text": "textest", 
        "source": 11, 
        "user": 2, 
        "quote": "textest"
    }
},
{
    "pk": 11, 
    "model": "review.sourceannotation", 
    "fields": {
        "updated": "2014-08-29T02:04:50Z", 
        "annotation_uuid": "0a3a64a5-010b-4953-8ec9-a75cedb3e13a", 
        "submission": null, 
        "created": "2014-08-29T02:04:50Z", 
        "text": "test", 
        "source": 11, 
        "user": 2, 
        "quote": "test"
    }
},
{
    "pk": 12, 
    "model": "review.sourceannotation", 
    "fields": {
        "updated": "2014-08-29T02:10:33Z", 
        "annotation_uuid": "d3210b47-074c-49a1-b187-2c96991f24bb", 
        "submission": null, 
        "created": "2014-08-29T02:10:33Z", 
        "text": "testajax", 
        "source": 11, 
        "user": 2, 
        "quote": "testajax"
    }
},
{
    "pk": 19, 
    "model": "review.sourceannotation", 
    "fields": {
        "updated": "2014-08-29T06:09:46Z", 
        "annotation_uuid": "c9dc6a87-2343-4f85-bd50-3e36222ed567", 
        "submission": null, 
        "created": "2014-08-29T06:09:46Z", 
        "text": "<textarea cols=\"40\" id=\"id_text\" name=\"text\" rows=\"10\">\r\ntestestes</textarea>", 
        "source": 11, 
        "user": 2, 
        "quote": "<textarea cols=\"40\" id=\"id_text\" name=\"text\" rows=\"10\">\r\ntestestes</textarea>"
    }
},
{
    "pk": 20, 
    "model": "review.sourceannotation", 
    "fields": {
        "updated": "2014-08-29T06:10:31Z", 
        "annotation_uuid": "3d2774e1-fa48-4e61-bf2f-cd37411dc28c", 
        "submission": null, 
        "created": "2014-08-29T06:10:31Z", 
        "text": "testestes", 
        "source": 11, 
        "user": 2, 
        "quote": "testestes"
    }
},
{
    "pk": 21, 
    "model": "review.sourceannotation", 
    "fields": {
        "updated": "2014-08-29T06:11:03Z", 
        "annotation_uuid": "7c6ff312-44ab-46d2-8138-44b331d96214", 
        "submission": null, 
        "created": "2014-08-29T06:11:03Z", 
        "text": "stuff", 
        "source": 11, 
        "user": 2, 
        "quote": "stuff"
    }
},
{
    "pk": 22, 
    "model": "review.sourceannotation", 
    "fields": {
        "updated": "2014-08-29T06:11:35Z", 
        "annotation_uuid": "b0922f85-e55f-4c2c-a300-c01f695f4bf7", 
        "submission": null, 
        "created": "2014-08-29T06:11:35Z", 
        "text": "This code is bullshit", 
        "source": 14, 
        "user": 2, 
        "quote": "This code is bullshit"
    }
},
{
    "pk": 23, 
    "model": "review.sourceannotation", 
    "fields": {
        "updated": "2014-08-29T06:23:00Z", 
        "annotation_uuid": "8fce94b8-f1c1-4e68-a6a3-8cbfaaf3a4b4", 
        "submission": null, 
        "created": "2014-08-29T06:23:00Z", 
        "text": "two", 
        "source": 14, 
        "user": 2, 
        "quote": "two"
    }
},
{
    "pk": 24, 
    "model": "review.sourceannotation", 
    "fields": {
        "updated": "2014-08-29T06:25:24Z", 
        "annotation_uuid": "9992c393-a883-4c46-8628-59ff71173380", 
        "submission": null, 
        "created": "2014-08-29T06:25:24Z", 
        "text": "fdnsabcoiadngi43hb80rvjq3", 
        "source": 11, 
        "user": 2, 
        "quote": "fdnsabcoiadngi43hb80rvjq3"
    }
},
{
    "pk": 31, 
    "model": "review.sourceannotation", 
    "fields": {
        "updated": "2014-09-18T11:42:50Z", 
        "annotation_uuid": "dc13d3f3-9cfa-4424-8b16-19cccbb2b463", 
        "submission": 23, 
        "created": "2014-09-18T11:42:50Z", 
        "text": "This be a mighty annotation!!!", 
        "source": 23, 
        "user": 2, 
        "quote": "This be a mighty annotation!!!"
    }
},
{
    "pk": 32, 
    "model": "review.sourceannotation", 
    "fields": {
        "updated": "2014-09-18T11:42:57Z", 
        "annotation_uuid": "9ede6b76-35ff-404f-acf9-9d137a702dbf", 
        "submission": 23, 
        "created": "2014-09-18T11:42:57Z", 
        "text": "Arrrr\r\n", 
        "source": 25, 
        "user": 2, 
        "quote": "Arrrr\r\n"
    }
},
{
    "pk": 33, 
    "model": "review.sourceannotation", 
    "fields": {
        "updated": "2014-09-18T11:43:06Z", 
        "annotation_uuid": "58dd1732-b0d1-46cc-ac1f-07a519891bc4", 
        "submission": 23, 
        "created": "2014-09-18T11:43:06Z", 
        "text": "This be a quality critique!", 
        "source": 25, 
        "user": 2, 
        "quote": "This be a quality critique!"
    }
},
{
    "pk": 34, 
    "model": "review.sourceannotation", 
    "fields": {
        "updated": "2014-09-18T13:47:43Z", 
        "annotation_uuid": "f0e5db0e-71cd-44d8-85f6-8b2e548b87d8", 
        "submission": 23, 
        "created": "2014-09-18T13:47:43Z", 
        "text": "adfadf", 
        "source": 23, 
        "user": 40, 
        "quote": "adfadf"
    }
},
{
    "pk": 35, 
    "model": "review.sourceannotation", 
    "fields": {
        "updated": "2014-09-18T13:47:52Z", 
        "annotation_uuid": "82dcb97a-3992-4ac7-b839-40790787ffe2", 
        "submission": 23, 
        "created": "2014-09-18T13:47:52Z", 
        "text": "2nd annotation", 
        "source": 23, 
        "user": 40, 
        "quote": "2nd annotation"
    }
},
{
    "pk": 36, 
    "model": "review.sourceannotation", 
    "fields": {
        "updated": "2014-09-18T13:48:02Z", 
        "annotation_uuid": "c858183c-09ff-4084-9563-07c4e7d8a39c", 
        "submission": 23, 
        "created": "2014-09-18T13:48:02Z", 
        "text": "THird annotation\r\n", 
        "source": 23, 
        "user": 40, 
        "quote": "THird annotation\r\n"
    }
},
{
    "pk": 37, 
    "model": "review.sourceannotation", 
    "fields": {
        "updated": "2014-09-18T13:48:08Z", 
        "annotation_uuid": "7950e707-389e-44e2-9899-a4f921324995", 
        "submission": 23, 
        "created": "2014-09-18T13:48:08Z", 
        "text": "4th annotation", 
        "source": 23, 
        "user": 40, 
        "quote": "4th annotation"
    }
},
{
    "pk": 38, 
    "model": "review.sourceannotation", 
    "fields": {
        "updated": "2014-09-20T09:23:53Z", 
        "annotation_uuid": "fda8c777-65ec-4696-8450-995fec3a0925", 
        "submission": 25, 
        "created": "2014-09-20T09:23:53Z", 
        "text": "This is annotation 1", 
        "source": 31, 
        "user": 40, 
        "quote": "This is annotation 1"
    }
},
{
    "pk": 41, 
    "model": "review.sourceannotation", 
    "fields": {
        "updated": "2014-09-22T04:02:47Z", 
        "annotation_uuid": "b74d1137-c076-42ad-9d54-b94dd58d0b8d", 
        "submission": null, 
        "created": "2014-09-22T04:02:47Z", 
        "text": "asfsa", 
        "source": 2, 
        "user": 1, 
        "quote": "asfsa"
    }
},
{
    "pk": 79, 
    "model": "review.sourceannotation", 
    "fields": {
        "updated": "2014-09-23T12:58:54Z", 
        "annotation_uuid": "ac716650-307e-4465-a17a-c7e28b4ba908", 
        "submission": null, 
        "created": "2014-09-23T12:58:54Z", 
        "text": "fda", 
        "source": 50, 
        "user": 1, 
        "quote": "fda"
    }
},
{
    "pk": 80, 
    "model": "review.sourceannotation", 
    "fields": {
        "updated": "2014-09-23T12:59:46Z", 
        "annotation_uuid": "e13138a9-ea4b-472a-a447-e0701947db01", 
        "submission": null, 
        "created": "2014-09-23T12:59:46Z", 
        "text": "gfds", 
        "source": 50, 
        "user": 1, 
        "quote": "gfds"
    }
},
{
    "pk": 82, 
    "model": "review.sourceannotation", 
    "fields": {
        "updated": "2014-09-23T13:05:12Z", 
        "annotation_uuid": "63395f03-2919-4eea-82ba-5d8a6975017c", 
        "submission": null, 
        "created": "2014-09-23T13:05:12Z", 
        "text": "fdsafas\r\n\r\n", 
        "source": 50, 
        "user": 1, 
        "quote": "fdsafas\r\n\r\n"
    }
},
{
    "pk": 84, 
    "model": "review.sourceannotation", 
    "fields": {
        "updated": "2014-09-23T13:15:38Z", 
        "annotation_uuid": "9e10a4fc-c4ea-46eb-9534-ca46e25d0152", 
        "submission": null, 
        "created": "2014-09-23T13:15:38Z", 
        "text": "fsdafsa", 
        "source": 50, 
        "user": 1, 
        "quote": "fsdafsa"
    }
},
{
    "pk": 85, 
    "model": "review.sourceannotation", 
    "fields": {
        "updated": "2014-09-24T01:22:59Z", 
        "annotation_uuid": "307eac0c-d42b-47f4-8f2a-6fad9c85544f", 
        "submission": null, 
        "created": "2014-09-24T01:22:59Z", 
        "text": "fdsafdsafdsafasd", 
        "source": 50, 
        "user": 1, 
        "quote": "fdsafdsafdsafasd"
    }
},
{
    "pk": 86, 
    "model": "review.sourceannotation", 
    "fields": {
        "updated": "2014-09-24T01:23:58Z", 
        "annotation_uuid": "728d70cd-34de-4752-98b5-3a340a433df7", 
        "submission": null, 
        "created": "2014-09-24T01:23:58Z", 
        "text": "dasdsafdsa", 
        "source": 50, 
        "user": 1, 
        "quote": "dasdsafdsa"
    }
},
{
    "pk": 90, 
    "model": "review.sourceannotation", 
    "fields": {
        "updated": "2014-09-24T05:42:34Z", 
        "annotation_uuid": "0a4ae01e-719a-4088-aa81-77b0fe482d92", 
        "submission": 28, 
        "created": "2014-09-24T05:42:34Z", 
        "text": "fdsafdsa", 
        "source": 47, 
        "user": 1, 
        "quote": "fdsafdsa"
    }
},
{
    "pk": 108, 
    "model": "review.sourceannotation", 
    "fields": {
        "updated": "2014-09-25T04:24:15Z", 
        "annotation_uuid": "748008bd-59a6-4fce-a5a6-4c12d7a8c1fc", 
        "submission": 16, 
        "created": "2014-09-25T04:24:15Z", 
        "text": "fdsa", 
        "source": 13, 
        "user": 2, 
        "quote": "fdsa"
    }
},
{
    "pk": 109, 
    "model": "review.sourceannotation", 
    "fields": {
        "updated": "2014-09-25T04:24:21Z", 
        "annotation_uuid": "2591d04e-173d-4364-9d07-1a16986d5695", 
        "submission": 16, 
        "created": "2014-09-25T04:24:21Z", 
        "text": "fdsa", 
        "source": 13, 
        "user": 2, 
        "quote": "fdsa"
    }
},
{
    "pk": 111, 
    "model": "review.sourceannotation", 
    "fields": {
        "updated": "2014-09-25T04:59:52Z", 
        "annotation_uuid": "bbfb85f3-c81a-496f-a536-ff9f5b2df2e9", 
        "submission": 28, 
        "created": "2014-09-25T04:59:52Z", 
        "text": "fjdsklafjkdlsa", 
        "source": 49, 
        "user": 1, 
        "quote": "fjdsklafjkdlsa"
    }
},
{
    "pk": 112, 
    "model": "review.sourceannotation", 
    "fields": {
        "updated": "2014-09-25T05:03:32Z", 
        "annotation_uuid": "3e8a91e8-b759-4e78-9a72-b99a87d6f020", 
        "submission": 28, 
        "created": "2014-09-25T05:03:32Z", 
        "text": "ghfggh", 
        "source": 49, 
        "user": 1, 
        "quote": "ghfggh"
    }
},
{
    "pk": 113, 
    "model": "review.sourceannotation", 
    "fields": {
        "updated": "2014-09-25T05:03:37Z", 
        "annotation_uuid": "e52f89af-3cae-4007-a3aa-b7cee13caaa4", 
        "submission": 28, 
        "created": "2014-09-25T05:03:37Z", 
        "text": "cghfjgfghf", 
        "source": 49, 
        "user": 1, 
        "quote": "cghfjgfghf"
    }
},
{
    "pk": 114, 
    "model": "review.sourceannotation", 
    "fields": {
        "updated": "2014-09-25T08:11:15Z", 
        "annotation_uuid": "a0f7437c-b872-4f53-92f6-3ad8067f4492", 
        "submission": null, 
        "created": "2014-09-25T08:11:15Z", 
        "text": "fsda", 
        "source": 74, 
        "user": 2, 
        "quote": "fsda"
    }
},
{
    "pk": 115, 
    "model": "review.sourceannotation", 
    "fields": {
        "updated": "2014-09-25T08:11:34Z", 
        "annotation_uuid": "e85727f2-09ef-405a-9367-cdfd5546d28c", 
        "submission": 27, 
        "created": "2014-09-25T08:11:34Z", 
        "text": "fsa", 
        "source": 42, 
        "user": 2, 
        "quote": "fsa"
    }
},
{
    "pk": 116, 
    "model": "review.sourceannotation", 
    "fields": {
        "updated": "2014-09-25T08:12:00Z", 
        "annotation_uuid": "4372596e-7daa-4b77-aac8-be5e03185c8b", 
        "submission": null, 
        "created": "2014-09-25T08:12:00Z", 
        "text": "fdas", 
        "source": 77, 
        "user": 2, 
        "quote": "fdas"
    }
},
{
    "pk": 120, 
    "model": "review.sourceannotation", 
    "fields": {
        "updated": "2014-09-25T10:40:29Z", 
        "annotation_uuid": "ec63a137-899a-438b-8149-5855e990eb38", 
        "submission": 27, 
        "created": "2014-09-25T10:40:29Z", 
        "text": "fdsa", 
        "source": 41, 
        "user": 2, 
        "quote": "fdsa"
    }
},
{
    "pk": 2, 
    "model": "review.sourceannotationrange", 
    "fields": {
        "start": 1, 
        "end": 2, 
        "range_annotation": 2, 
        "startOffset": 1, 
        "endOffset": 2
    }
},
{
    "pk": 3, 
    "model": "review.sourceannotationrange", 
    "fields": {
        "start": 1, 
        "end": 2, 
        "range_annotation": 4, 
        "startOffset": 1, 
        "endOffset": 2
    }
},
{
    "pk": 9, 
    "model": "review.sourceannotationrange", 
    "fields": {
        "start": 3213, 
        "end": 1342134, 
        "range_annotation": 10, 
        "startOffset": 3213, 
        "endOffset": 1342134
    }
},
{
    "pk": 10, 
    "model": "review.sourceannotationrange", 
    "fields": {
        "start": 1, 
        "end": 4, 
        "range_annotation": 11, 
        "startOffset": 1, 
        "endOffset": 4
    }
},
{
    "pk": 11, 
    "model": "review.sourceannotationrange", 
    "fields": {
        "start": 1, 
        "end": 4, 
        "range_annotation": 12, 
        "startOffset": 1, 
        "endOffset": 4
    }
},
{
    "pk": 15, 
    "model": "review.sourceannotationrange", 
    "fields": {
        "start": 1, 
        "end": 2, 
        "range_annotation": 19, 
        "startOffset": 1, 
        "endOffset": 2
    }
},
{
    "pk": 16, 
    "model": "review.sourceannotationrange", 
    "fields": {
        "start": 1, 
        "end": 2, 
        "range_annotation": 20, 
        "startOffset": 1, 
        "endOffset": 2
    }
},
{
    "pk": 17, 
    "model": "review.sourceannotationrange", 
    "fields": {
        "start": 2, 
        "end": 423, 
        "range_annotation": 21, 
        "startOffset": 2, 
        "endOffset": 423
    }
},
{
    "pk": 18, 
    "model": "review.sourceannotationrange", 
    "fields": {
        "start": 3, 
        "end": 4, 
        "range_annotation": 22, 
        "startOffset": 3, 
        "endOffset": 4
    }
},
{
    "pk": 19, 
    "model": "review.sourceannotationrange", 
    "fields": {
        "start": 1, 
        "end": 2, 
        "range_annotation": 23, 
        "startOffset": 1, 
        "endOffset": 2
    }
},
{
    "pk": 20, 
    "model": "review.sourceannotationrange", 
    "fields": {
        "start": 3123, 
        "end": 2143215, 
        "range_annotation": 24, 
        "startOffset": 3123, 
        "endOffset": 2143215
    }
},
{
    "pk": 27, 
    "model": "review.sourceannotationrange", 
    "fields": {
        "start": 1, 
        "end": 0, 
        "range_annotation": 31, 
        "startOffset": 1, 
        "endOffset": 0
    }
},
{
    "pk": 28, 
    "model": "review.sourceannotationrange", 
    "fields": {
        "start": 1, 
        "end": 0, 
        "range_annotation": 32, 
        "startOffset": 1, 
        "endOffset": 0
    }
},
{
    "pk": 29, 
    "model": "review.sourceannotationrange", 
    "fields": {
        "start": 1, 
        "end": 0, 
        "range_annotation": 33, 
        "startOffset": 1, 
        "endOffset": 0
    }
},
{
    "pk": 30, 
    "model": "review.sourceannotationrange", 
    "fields": {
        "start": 1, 
        "end": 0, 
        "range_annotation": 34, 
        "startOffset": 1, 
        "endOffset": 0
    }
},
{
    "pk": 31, 
    "model": "review.sourceannotationrange", 
    "fields": {
        "start": 1, 
        "end": 0, 
        "range_annotation": 35, 
        "startOffset": 1, 
        "endOffset": 0
    }
},
{
    "pk": 32, 
    "model": "review.sourceannotationrange", 
    "fields": {
        "start": 1, 
        "end": 0, 
        "range_annotation": 36, 
        "startOffset": 1, 
        "endOffset": 0
    }
},
{
    "pk": 33, 
    "model": "review.sourceannotationrange", 
    "fields": {
        "start": 1, 
        "end": 0, 
        "range_annotation": 37, 
        "startOffset": 1, 
        "endOffset": 0
    }
},
{
    "pk": 34, 
    "model": "review.sourceannotationrange", 
    "fields": {
        "start": 1, 
        "end": 0, 
        "range_annotation": 38, 
        "startOffset": 1, 
        "endOffset": 0
    }
},
{
    "pk": 37, 
    "model": "review.sourceannotationrange", 
    "fields": {
        "start": 1, 
        "end": 0, 
        "range_annotation": 41, 
        "startOffset": 1, 
        "endOffset": 0
    }
},
{
    "pk": 75, 
    "model": "review.sourceannotationrange", 
    "fields": {
        "start": 4, 
        "end": 0, 
        "range_annotation": 79, 
        "startOffset": 4, 
        "endOffset": 0
    }
},
{
    "pk": 76, 
    "model": "review.sourceannotationrange", 
    "fields": {
        "start": 6, 
        "end": 0, 
        "range_annotation": 80, 
        "startOffset": 6, 
        "endOffset": 0
    }
},
{
    "pk": 78, 
    "model": "review.sourceannotationrange", 
    "fields": {
        "start": 3, 
        "end": 0, 
        "range_annotation": 82, 
        "startOffset": 3, 
        "endOffset": 0
    }
},
{
    "pk": 80, 
    "model": "review.sourceannotationrange", 
    "fields": {
        "start": 1, 
        "end": 0, 
        "range_annotation": 84, 
        "startOffset": 1, 
        "endOffset": 0
    }
},
{
    "pk": 81, 
    "model": "review.sourceannotationrange", 
    "fields": {
        "start": 5, 
        "end": 0, 
        "range_annotation": 85, 
        "startOffset": 5, 
        "endOffset": 0
    }
},
{
    "pk": 82, 
    "model": "review.sourceannotationrange", 
    "fields": {
        "start": 4, 
        "end": 0, 
        "range_annotation": 86, 
        "startOffset": 4, 
        "endOffset": 0
    }
},
{
    "pk": 86, 
    "model": "review.sourceannotationrange", 
    "fields": {
        "start": 1, 
        "end": 0, 
        "range_annotation": 90, 
        "startOffset": 1, 
        "endOffset": 0
    }
},
{
    "pk": 104, 
    "model": "review.sourceannotationrange", 
    "fields": {
        "start": 3, 
        "end": 0, 
        "range_annotation": 108, 
        "startOffset": 3, 
        "endOffset": 0
    }
},
{
    "pk": 105, 
    "model": "review.sourceannotationrange", 
    "fields": {
        "start": 4, 
        "end": 0, 
        "range_annotation": 109, 
        "startOffset": 4, 
        "endOffset": 0
    }
},
{
    "pk": 107, 
    "model": "review.sourceannotationrange", 
    "fields": {
        "start": 3, 
        "end": 0, 
        "range_annotation": 111, 
        "startOffset": 3, 
        "endOffset": 0
    }
},
{
    "pk": 108, 
    "model": "review.sourceannotationrange", 
    "fields": {
        "start": 2, 
        "end": 0, 
        "range_annotation": 112, 
        "startOffset": 2, 
        "endOffset": 0
    }
},
{
    "pk": 109, 
    "model": "review.sourceannotationrange", 
    "fields": {
        "start": 4, 
        "end": 0, 
        "range_annotation": 113, 
        "startOffset": 4, 
        "endOffset": 0
    }
},
{
    "pk": 110, 
    "model": "review.sourceannotationrange", 
    "fields": {
        "start": 2, 
        "end": 0, 
        "range_annotation": 114, 
        "startOffset": 2, 
        "endOffset": 0
    }
},
{
    "pk": 111, 
    "model": "review.sourceannotationrange", 
    "fields": {
        "start": 1, 
        "end": 0, 
        "range_annotation": 115, 
        "startOffset": 1, 
        "endOffset": 0
    }
},
{
    "pk": 112, 
    "model": "review.sourceannotationrange", 
    "fields": {
        "start": 1, 
        "end": 0, 
        "range_annotation": 116, 
        "startOffset": 1, 
        "endOffset": 0
    }
},
{
    "pk": 116, 
    "model": "review.sourceannotationrange", 
    "fields": {
        "start": 5, 
        "end": 0, 
        "range_annotation": 120, 
        "startOffset": 5, 
        "endOffset": 0
    }
},
{
    "pk": 1, 
    "model": "review.assignmentreview", 
    "fields": {
        "review_uuid": "81c73f67-ee5f-4b4d-8adb-798d1afaaef3", 
        "submissions": [
            24, 
            25, 
            26
        ], 
        "by": 1, 
        "assignment": 5
    }
},
{
    "pk": 2, 
    "model": "review.assignmentreview", 
    "fields": {
        "review_uuid": "13d38c90-0cc9-4ac7-8598-9fca20180ae5", 
        "submissions": [
            23, 
            25, 
            26
        ], 
        "by": 2, 
        "assignment": 5
    }
},
{
    "pk": 3, 
    "model": "review.assignmentreview", 
    "fields": {
        "review_uuid": "d2fcf27e-55f4-4196-9a5f-ab023bc4ab83", 
        "submissions": [
            23, 
            24, 
            26
        ], 
        "by": 18, 
        "assignment": 5
    }
},
{
    "pk": 4, 
    "model": "review.assignmentreview", 
    "fields": {
        "review_uuid": "15262398-5ae0-47cd-8ba6-7b5fc812cbaa", 
        "submissions": [
            24, 
            25, 
            26
        ], 
        "by": 15, 
        "assignment": 5
    }
},
{
    "pk": 5, 
    "model": "review.assignmentreview", 
    "fields": {
        "review_uuid": "35de8ee7-9a46-442a-882d-2a28c90becfe", 
        "submissions": [
            23, 
            25, 
            26
        ], 
        "by": 40, 
        "assignment": 5
    }
},
{
    "pk": 6, 
    "model": "review.assignmentreview", 
    "fields": {
        "review_uuid": "ed2cd1cb-36e5-4154-9825-12bb24f5919a", 
        "submissions": [
            23, 
            24, 
            26
        ], 
        "by": 41, 
        "assignment": 5
    }
},
{
    "pk": 7, 
    "model": "review.assignmentreview", 
    "fields": {
        "review_uuid": "7c1e059d-7af8-432d-9f84-9bc99c1c475e", 
        "submissions": [
            23, 
            24, 
            25
        ], 
        "by": 16, 
        "assignment": 5
    }
},
{
    "pk": 1, 
    "model": "review.submissionreview", 
    "fields": {
        "review_by": 2, 
        "submission_review_uuid": "63233370-1fe3-475a-b3d0-03e1a4bf8c89", 
        "submission": 23
    }
},
{
    "pk": 1, 
    "model": "admin.logentry", 
    "fields": {
        "action_flag": 1, 
        "action_time": "2014-08-09T12:45:38Z", 
        "object_repr": "staff", 
        "object_id": "1", 
        "change_message": "", 
        "user": [
            "TESTING:user_2"
        ], 
        "content_type": [
            "auth", 
            "group"
        ]
    }
},
{
    "pk": 2, 
    "model": "admin.logentry", 
    "fields": {
        "action_flag": 1, 
        "action_time": "2014-08-09T12:46:21Z", 
        "object_repr": "student", 
        "object_id": "2", 
        "change_message": "", 
        "user": [
            "TESTING:user_2"
        ], 
        "content_type": [
            "auth", 
            "group"
        ]
    }
},
{
    "pk": 3, 
    "model": "admin.logentry", 
    "fields": {
        "action_flag": 1, 
        "action_time": "2014-08-09T12:46:36Z", 
        "object_repr": "tom", 
        "object_id": "2", 
        "change_message": "", 
        "user": [
            "TESTING:user_2"
        ], 
        "content_type": [
            "auth", 
            "user"
        ]
    }
},
{
    "pk": 4, 
    "model": "admin.logentry", 
    "fields": {
        "action_flag": 1, 
        "action_time": "2014-08-10T02:44:38Z", 
        "object_repr": "(cfafd9e3-8555-416e-a42e-583b9a405d61)Learning 1", 
        "object_id": "1", 
        "change_message": "", 
        "user": [
            "TESTING:user_2"
        ], 
        "content_type": [
            "review", 
            "assignment"
        ]
    }
},
{
    "pk": 5, 
    "model": "admin.logentry", 
    "fields": {
        "action_flag": 3, 
        "action_time": "2014-08-10T10:24:17Z", 
        "object_repr": "(dd48420a-cfc9-4007-9c3e-9ae68552c488)fdsa", 
        "object_id": "3", 
        "change_message": "", 
        "user": [
            "TESTING:user_2"
        ], 
        "content_type": [
            "review", 
            "assignment"
        ]
    }
},
{
    "pk": 6, 
    "model": "admin.logentry", 
    "fields": {
        "action_flag": 3, 
        "action_time": "2014-08-10T10:24:17Z", 
        "object_repr": "(2fbf28d6-c2eb-43ad-9115-0fe053d02f37)fdsa", 
        "object_id": "2", 
        "change_message": "", 
        "user": [
            "TESTING:user_2"
        ], 
        "content_type": [
            "review", 
            "assignment"
        ]
    }
},
{
    "pk": 7, 
    "model": "admin.logentry", 
    "fields": {
        "action_flag": 2, 
        "action_time": "2014-08-11T05:08:30Z", 
        "object_repr": "tom", 
        "object_id": "2", 
        "change_message": "Changed password.", 
        "user": [
            "TESTING:user_2"
        ], 
        "content_type": [
            "auth", 
            "user"
        ]
    }
},
{
    "pk": 8, 
    "model": "admin.logentry", 
    "fields": {
        "action_flag": 1, 
        "action_time": "2014-08-11T05:30:37Z", 
        "object_repr": "admin", 
        "object_id": "2", 
        "change_message": "", 
        "user": [
            "TESTING:user_2"
        ], 
        "content_type": [
            "review", 
            "reviewuser"
        ]
    }
},
{
    "pk": 9, 
    "model": "admin.logentry", 
    "fields": {
        "action_flag": 2, 
        "action_time": "2014-08-13T11:50:01Z", 
        "object_repr": "admin", 
        "object_id": "2", 
        "change_message": "Changed courses.", 
        "user": [
            "TESTING:user_2"
        ], 
        "content_type": [
            "review", 
            "reviewuser"
        ]
    }
},
{
    "pk": 10, 
    "model": "admin.logentry", 
    "fields": {
        "action_flag": 2, 
        "action_time": "2014-08-14T05:30:47Z", 
        "object_repr": "tom", 
        "object_id": "2", 
        "change_message": "Changed password.", 
        "user": [
            "TESTING:user_2"
        ], 
        "content_type": [
            "auth", 
            "user"
        ]
    }
},
{
    "pk": 11, 
    "model": "admin.logentry", 
    "fields": {
        "action_flag": 2, 
        "action_time": "2014-08-14T05:31:45Z", 
        "object_repr": "tom", 
        "object_id": "2", 
        "change_message": "No fields changed.", 
        "user": [
            "TESTING:user_2"
        ], 
        "content_type": [
            "auth", 
            "user"
        ]
    }
},
{
    "pk": 12, 
    "model": "admin.logentry", 
    "fields": {
        "action_flag": 2, 
        "action_time": "2014-08-14T05:34:18Z", 
        "object_repr": "tom", 
        "object_id": "2", 
        "change_message": "No fields changed.", 
        "user": [
            "TESTING:user_2"
        ], 
        "content_type": [
            "auth", 
            "user"
        ]
    }
},
{
    "pk": 13, 
    "model": "admin.logentry", 
    "fields": {
        "action_flag": 2, 
        "action_time": "2014-08-14T05:36:37Z", 
        "object_repr": "tom", 
        "object_id": "2", 
        "change_message": "No fields changed.", 
        "user": [
            "TESTING:user_2"
        ], 
        "content_type": [
            "auth", 
            "user"
        ]
    }
},
{
    "pk": 14, 
    "model": "admin.logentry", 
    "fields": {
        "action_flag": 2, 
        "action_time": "2014-08-14T05:41:37Z", 
        "object_repr": "tom", 
        "object_id": "2", 
        "change_message": "No fields changed.", 
        "user": [
            "TESTING:user_2"
        ], 
        "content_type": [
            "auth", 
            "user"
        ]
    }
},
{
    "pk": 15, 
    "model": "admin.logentry", 
    "fields": {
        "action_flag": 2, 
        "action_time": "2014-08-14T05:42:36Z", 
        "object_repr": "tom", 
        "object_id": "2", 
        "change_message": "No fields changed.", 
        "user": [
            "TESTING:user_2"
        ], 
        "content_type": [
            "auth", 
            "user"
        ]
    }
},
{
    "pk": 16, 
    "model": "admin.logentry", 
    "fields": {
        "action_flag": 2, 
        "action_time": "2014-08-14T05:42:43Z", 
        "object_repr": "tom", 
        "object_id": "2", 
        "change_message": "Changed password.", 
        "user": [
            "TESTING:user_2"
        ], 
        "content_type": [
            "auth", 
            "user"
        ]
    }
},
{
    "pk": 17, 
    "model": "admin.logentry", 
    "fields": {
        "action_flag": 2, 
        "action_time": "2014-08-14T06:33:16Z", 
        "object_repr": "admin", 
        "object_id": "1", 
        "change_message": "Changed courses for review user \"admin\".", 
        "user": [
            "TESTING:user_2"
        ], 
        "content_type": [
            "auth", 
            "user"
        ]
    }
},
{
    "pk": 18, 
    "model": "admin.logentry", 
    "fields": {
        "action_flag": 2, 
        "action_time": "2014-08-14T06:33:23Z", 
        "object_repr": "admin", 
        "object_id": "1", 
        "change_message": "Changed courses for review user \"admin\".", 
        "user": [
            "TESTING:user_2"
        ], 
        "content_type": [
            "auth", 
            "user"
        ]
    }
},
{
    "pk": 19, 
    "model": "admin.logentry", 
    "fields": {
        "action_flag": 2, 
        "action_time": "2014-08-15T05:11:10Z", 
        "object_repr": "tom", 
        "object_id": "2", 
        "change_message": "Changed password.", 
        "user": [
            "TESTING:user_2"
        ], 
        "content_type": [
            "auth", 
            "user"
        ]
    }
},
{
    "pk": 20, 
    "model": "admin.logentry", 
    "fields": {
        "action_flag": 2, 
        "action_time": "2014-08-15T05:11:45Z", 
        "object_repr": "tom", 
        "object_id": "2", 
        "change_message": "Changed password.", 
        "user": [
            "TESTING:user_2"
        ], 
        "content_type": [
            "auth", 
            "user"
        ]
    }
},
{
    "pk": 21, 
    "model": "admin.logentry", 
    "fields": {
        "action_flag": 1, 
        "action_time": "2014-08-15T05:12:06Z", 
        "object_repr": "kieran", 
        "object_id": "3", 
        "change_message": "", 
        "user": [
            "TESTING:user_2"
        ], 
        "content_type": [
            "auth", 
            "user"
        ]
    }
},
{
    "pk": 22, 
    "model": "admin.logentry", 
    "fields": {
        "action_flag": 2, 
        "action_time": "2014-08-15T07:44:18Z", 
        "object_repr": "tom", 
        "object_id": "2", 
        "change_message": "Changed email.", 
        "user": [
            "TESTING:user_2"
        ], 
        "content_type": [
            "auth", 
            "user"
        ]
    }
},
{
    "pk": 23, 
    "model": "admin.logentry", 
    "fields": {
        "action_flag": 2, 
        "action_time": "2014-08-15T07:44:46Z", 
        "object_repr": "kieran", 
        "object_id": "3", 
        "change_message": "Changed first_name, last_name and email.", 
        "user": [
            "TESTING:user_2"
        ], 
        "content_type": [
            "auth", 
            "user"
        ]
    }
},
{
    "pk": 24, 
    "model": "admin.logentry", 
    "fields": {
        "action_flag": 2, 
        "action_time": "2014-08-15T07:44:58Z", 
        "object_repr": "admin", 
        "object_id": "1", 
        "change_message": "Changed first_name, last_name and email.", 
        "user": [
            "TESTING:user_2"
        ], 
        "content_type": [
            "auth", 
            "user"
        ]
    }
},
{
    "pk": 25, 
    "model": "admin.logentry", 
    "fields": {
        "action_flag": 3, 
        "action_time": "2014-08-15T13:19:23Z", 
        "object_repr": "fdsa", 
        "object_id": "4", 
        "change_message": "", 
        "user": [
            "TESTING:user_2"
        ], 
        "content_type": [
            "auth", 
            "user"
        ]
    }
},
{
    "pk": 26, 
    "model": "admin.logentry", 
    "fields": {
        "action_flag": 3, 
        "action_time": "2014-08-15T13:21:07Z", 
        "object_repr": "fdsa", 
        "object_id": "5", 
        "change_message": "", 
        "user": [
            "TESTING:user_2"
        ], 
        "content_type": [
            "auth", 
            "user"
        ]
    }
},
{
    "pk": 27, 
    "model": "admin.logentry", 
    "fields": {
        "action_flag": 3, 
        "action_time": "2014-08-15T13:21:44Z", 
        "object_repr": "fdsa", 
        "object_id": "6", 
        "change_message": "", 
        "user": [
            "TESTING:user_2"
        ], 
        "content_type": [
            "auth", 
            "user"
        ]
    }
},
{
    "pk": 28, 
    "model": "admin.logentry", 
    "fields": {
        "action_flag": 3, 
        "action_time": "2014-08-15T13:22:45Z", 
        "object_repr": "fdsa", 
        "object_id": "7", 
        "change_message": "", 
        "user": [
            "TESTING:user_2"
        ], 
        "content_type": [
            "auth", 
            "user"
        ]
    }
},
{
    "pk": 29, 
    "model": "admin.logentry", 
    "fields": {
        "action_flag": 3, 
        "action_time": "2014-08-15T14:17:19Z", 
        "object_repr": "s0123456", 
        "object_id": "9", 
        "change_message": "", 
        "user": [
            "TESTING:user_2"
        ], 
        "content_type": [
            "auth", 
            "user"
        ]
    }
},
{
    "pk": 30, 
    "model": "admin.logentry", 
    "fields": {
        "action_flag": 3, 
        "action_time": "2014-08-15T14:17:19Z", 
        "object_repr": "s1234567", 
        "object_id": "10", 
        "change_message": "", 
        "user": [
            "TESTING:user_2"
        ], 
        "content_type": [
            "auth", 
            "user"
        ]
    }
},
{
    "pk": 31, 
    "model": "admin.logentry", 
    "fields": {
        "action_flag": 3, 
        "action_time": "2014-08-15T14:20:04Z", 
        "object_repr": "s0123456", 
        "object_id": "11", 
        "change_message": "", 
        "user": [
            "TESTING:user_2"
        ], 
        "content_type": [
            "auth", 
            "user"
        ]
    }
},
{
    "pk": 32, 
    "model": "admin.logentry", 
    "fields": {
        "action_flag": 3, 
        "action_time": "2014-08-15T14:20:04Z", 
        "object_repr": "s1234567", 
        "object_id": "12", 
        "change_message": "", 
        "user": [
            "TESTING:user_2"
        ], 
        "content_type": [
            "auth", 
            "user"
        ]
    }
},
{
    "pk": 33, 
    "model": "admin.logentry", 
    "fields": {
        "action_flag": 3, 
        "action_time": "2014-08-15T14:21:02Z", 
        "object_repr": "s0123456", 
        "object_id": "15", 
        "change_message": "", 
        "user": [
            "TESTING:user_2"
        ], 
        "content_type": [
            "auth", 
            "user"
        ]
    }
},
{
    "pk": 34, 
    "model": "admin.logentry", 
    "fields": {
        "action_flag": 3, 
        "action_time": "2014-08-15T14:21:02Z", 
        "object_repr": "s1234567", 
        "object_id": "16", 
        "change_message": "", 
        "user": [
            "TESTING:user_2"
        ], 
        "content_type": [
            "auth", 
            "user"
        ]
    }
},
{
    "pk": 35, 
    "model": "admin.logentry", 
    "fields": {
        "action_flag": 3, 
        "action_time": "2014-08-15T14:24:55Z", 
        "object_repr": "s0123456", 
        "object_id": "17", 
        "change_message": "", 
        "user": [
            "TESTING:user_2"
        ], 
        "content_type": [
            "auth", 
            "user"
        ]
    }
},
{
    "pk": 36, 
    "model": "admin.logentry", 
    "fields": {
        "action_flag": 3, 
        "action_time": "2014-08-15T14:24:55Z", 
        "object_repr": "s1234567", 
        "object_id": "18", 
        "change_message": "", 
        "user": [
            "TESTING:user_2"
        ], 
        "content_type": [
            "auth", 
            "user"
        ]
    }
},
{
    "pk": 37, 
    "model": "admin.logentry", 
    "fields": {
        "action_flag": 3, 
        "action_time": "2014-08-15T14:26:17Z", 
        "object_repr": "s0123456", 
        "object_id": "11", 
        "change_message": "", 
        "user": [
            "TESTING:user_2"
        ], 
        "content_type": [
            "review", 
            "reviewuser"
        ]
    }
},
{
    "pk": 38, 
    "model": "admin.logentry", 
    "fields": {
        "action_flag": 3, 
        "action_time": "2014-08-15T14:26:28Z", 
        "object_repr": "s0123456", 
        "object_id": "19", 
        "change_message": "", 
        "user": [
            "TESTING:user_2"
        ], 
        "content_type": [
            "auth", 
            "user"
        ]
    }
},
{
    "pk": 39, 
    "model": "admin.logentry", 
    "fields": {
        "action_flag": 3, 
        "action_time": "2014-08-15T14:26:28Z", 
        "object_repr": "s1234567", 
        "object_id": "20", 
        "change_message": "", 
        "user": [
            "TESTING:user_2"
        ], 
        "content_type": [
            "auth", 
            "user"
        ]
    }
},
{
    "pk": 40, 
    "model": "admin.logentry", 
    "fields": {
        "action_flag": 3, 
        "action_time": "2014-08-15T14:29:02Z", 
        "object_repr": "s0123456", 
        "object_id": "21", 
        "change_message": "", 
        "user": [
            "TESTING:user_2"
        ], 
        "content_type": [
            "auth", 
            "user"
        ]
    }
},
{
    "pk": 41, 
    "model": "admin.logentry", 
    "fields": {
        "action_flag": 3, 
        "action_time": "2014-08-15T14:29:02Z", 
        "object_repr": "s1234567", 
        "object_id": "22", 
        "change_message": "", 
        "user": [
            "TESTING:user_2"
        ], 
        "content_type": [
            "auth", 
            "user"
        ]
    }
},
{
    "pk": 42, 
    "model": "admin.logentry", 
    "fields": {
        "action_flag": 2, 
        "action_time": "2014-08-20T11:00:32Z", 
        "object_repr": "admin", 
        "object_id": "2", 
        "change_message": "Changed firstLogin.", 
        "user": [
            "TESTING:user_2"
        ], 
        "content_type": [
            "review", 
            "reviewuser"
        ]
    }
},
{
    "pk": 43, 
    "model": "admin.logentry", 
    "fields": {
        "action_flag": 2, 
        "action_time": "2014-08-20T11:17:25Z", 
        "object_repr": "test1", 
        "object_id": "25", 
        "change_message": "Changed password.", 
        "user": [
            "TESTING:user_2"
        ], 
        "content_type": [
            "auth", 
            "user"
        ]
    }
},
{
    "pk": 44, 
    "model": "admin.logentry", 
    "fields": {
        "action_flag": 1, 
        "action_time": "2014-08-25T04:01:21Z", 
        "object_repr": "staff", 
        "object_id": "26", 
        "change_message": "", 
        "user": [
            "TESTING:user_2"
        ], 
        "content_type": [
            "auth", 
            "user"
        ]
    }
},
{
    "pk": 45, 
    "model": "admin.logentry", 
    "fields": {
        "action_flag": 2, 
        "action_time": "2014-08-25T04:01:38Z", 
        "object_repr": "staff", 
        "object_id": "26", 
        "change_message": "Changed is_staff.", 
        "user": [
            "TESTING:user_2"
        ], 
        "content_type": [
            "auth", 
            "user"
        ]
    }
},
{
    "pk": 46, 
    "model": "admin.logentry", 
    "fields": {
        "action_flag": 1, 
        "action_time": "2014-08-27T06:27:22Z", 
        "object_repr": "(3936d9bd-278f-4105-aa81-a8575912cf53)Learning 1 @ 2014-08-27 06:25:14+00:00", 
        "object_id": "1", 
        "change_message": "", 
        "user": [
            "TESTING:user_2"
        ], 
        "content_type": [
            "review", 
            "assignmentsubmission"
        ]
    }
},
{
    "pk": 47, 
    "model": "admin.logentry", 
    "fields": {
        "action_flag": 3, 
        "action_time": "2014-08-28T04:56:28Z", 
        "object_repr": "(772c7e9c-6382-4564-81e3-a8a2fc8beb8d)manage.py", 
        "object_id": "1", 
        "change_message": "", 
        "user": [
            "TESTING:user_2"
        ], 
        "content_type": [
            "review", 
            "sourcefile"
        ]
    }
},
{
    "pk": 48, 
    "model": "admin.logentry", 
    "fields": {
        "action_flag": 2, 
        "action_time": "2014-08-28T06:17:35Z", 
        "object_repr": "(bdf53f3e-b8df-4d28-bd36-93af08b22639)fdasasdfas", 
        "object_id": "4", 
        "change_message": "Changed submission_open_date and submission_close_date.", 
        "user": [
            "TESTING:user_2"
        ], 
        "content_type": [
            "review", 
            "assignment"
        ]
    }
},
{
    "pk": 49, 
    "model": "admin.logentry", 
    "fields": {
        "action_flag": 2, 
        "action_time": "2014-08-28T06:18:08Z", 
        "object_repr": "(bdf53f3e-b8df-4d28-bd36-93af08b22639)fdasasdfas", 
        "object_id": "4", 
        "change_message": "Changed first_display_date, submission_open_date, submission_close_date, review_open_date and review_close_date.", 
        "user": [
            "TESTING:user_2"
        ], 
        "content_type": [
            "review", 
            "assignment"
        ]
    }
},
{
    "pk": 50, 
    "model": "admin.logentry", 
    "fields": {
        "action_flag": 3, 
        "action_time": "2014-08-28T06:28:51Z", 
        "object_repr": "(cb70426a-15c4-4f6b-b007-91b03eba0a38)fdasasdfas @ 2014-08-28 06:27:48+00:00", 
        "object_id": "11", 
        "change_message": "", 
        "user": [
            "TESTING:user_2"
        ], 
        "content_type": [
            "review", 
            "assignmentsubmission"
        ]
    }
},
{
    "pk": 51, 
    "model": "admin.logentry", 
    "fields": {
        "action_flag": 3, 
        "action_time": "2014-08-28T06:28:51Z", 
        "object_repr": "(c0ee6713-9b2f-4b51-b103-fd33086f5602)fdasasdfas @ 2014-08-28 06:20:25+00:00", 
        "object_id": "10", 
        "change_message": "", 
        "user": [
            "TESTING:user_2"
        ], 
        "content_type": [
            "review", 
            "assignmentsubmission"
        ]
    }
},
{
    "pk": 52, 
    "model": "admin.logentry", 
    "fields": {
        "action_flag": 3, 
        "action_time": "2014-08-28T06:28:51Z", 
        "object_repr": "(814ab1be-77c4-4006-94cd-26c68eae8ada)fdasasdfas @ 2014-08-28 06:18:56+00:00", 
        "object_id": "9", 
        "change_message": "", 
        "user": [
            "TESTING:user_2"
        ], 
        "content_type": [
            "review", 
            "assignmentsubmission"
        ]
    }
},
{
    "pk": 53, 
    "model": "admin.logentry", 
    "fields": {
        "action_flag": 3, 
        "action_time": "2014-08-28T06:28:51Z", 
        "object_repr": "(2dd29bb2-57ad-4c52-a7b0-d1482fc07ef8)fdasasdfas @ 2014-08-28 06:18:20+00:00", 
        "object_id": "8", 
        "change_message": "", 
        "user": [
            "TESTING:user_2"
        ], 
        "content_type": [
            "review", 
            "assignmentsubmission"
        ]
    }
},
{
    "pk": 54, 
    "model": "admin.logentry", 
    "fields": {
        "action_flag": 3, 
        "action_time": "2014-08-28T06:28:51Z", 
        "object_repr": "(2798320b-b827-45a0-87bf-4f151a7b388f)fdasasdfas @ 2014-08-28 06:16:38+00:00", 
        "object_id": "7", 
        "change_message": "", 
        "user": [
            "TESTING:user_2"
        ], 
        "content_type": [
            "review", 
            "assignmentsubmission"
        ]
    }
},
{
    "pk": 55, 
    "model": "admin.logentry", 
    "fields": {
        "action_flag": 3, 
        "action_time": "2014-08-28T06:28:51Z", 
        "object_repr": "(456e05cb-5add-4ec9-856c-5a586266d9be)fdasasdfas @ 2014-08-28 06:16:30+00:00", 
        "object_id": "6", 
        "change_message": "", 
        "user": [
            "TESTING:user_2"
        ], 
        "content_type": [
            "review", 
            "assignmentsubmission"
        ]
    }
},
{
    "pk": 56, 
    "model": "admin.logentry", 
    "fields": {
        "action_flag": 3, 
        "action_time": "2014-08-28T06:28:51Z", 
        "object_repr": "(71a766dd-fa49-490e-b5c6-8c481d9c1616)fdasasdfas @ 2014-08-28 06:16:06+00:00", 
        "object_id": "5", 
        "change_message": "", 
        "user": [
            "TESTING:user_2"
        ], 
        "content_type": [
            "review", 
            "assignmentsubmission"
        ]
    }
},
{
    "pk": 57, 
    "model": "admin.logentry", 
    "fields": {
        "action_flag": 1, 
        "action_time": "2014-08-28T07:08:58Z", 
        "object_repr": "\"fdsafdsafdsafdsa\" on \"fdsafdsafdsafsa\" by tom in ((d36a774c-5bc8-40f9-9710-2a3fbdc660f9)rootfile.txt).", 
        "object_id": "1", 
        "change_message": "", 
        "user": [
            "TESTING:user_2"
        ], 
        "content_type": [
            "review", 
            "sourceannotation"
        ]
    }
},
{
    "pk": 58, 
    "model": "admin.logentry", 
    "fields": {
        "action_flag": 1, 
        "action_time": "2014-08-28T07:09:20Z", 
        "object_repr": "SourceAnnotationRange object", 
        "object_id": "1", 
        "change_message": "", 
        "user": [
            "TESTING:user_2"
        ], 
        "content_type": [
            "review", 
            "sourceannotationrange"
        ]
    }
},
{
    "pk": 59, 
    "model": "admin.logentry", 
    "fields": {
        "action_flag": 3, 
        "action_time": "2014-08-28T07:11:19Z", 
        "object_repr": "(ae0106f7-c538-4c52-8d62-c2199ceece12)fdasasdfas @ 2014-08-28 06:47:25+00:00", 
        "object_id": "15", 
        "change_message": "", 
        "user": [
            "TESTING:user_2"
        ], 
        "content_type": [
            "review", 
            "assignmentsubmission"
        ]
    }
},
{
    "pk": 60, 
    "model": "admin.logentry", 
    "fields": {
        "action_flag": 3, 
        "action_time": "2014-08-28T07:11:19Z", 
        "object_repr": "(f163f793-3730-4b22-910c-e2c4e6b2cd25)fdasasdfas @ 2014-08-28 06:47:13+00:00", 
        "object_id": "14", 
        "change_message": "", 
        "user": [
            "TESTING:user_2"
        ], 
        "content_type": [
            "review", 
            "assignmentsubmission"
        ]
    }
},
{
    "pk": 61, 
    "model": "admin.logentry", 
    "fields": {
        "action_flag": 3, 
        "action_time": "2014-08-28T07:11:19Z", 
        "object_repr": "(e15cca91-be8a-4e9e-81ce-657661487fb5)fdasasdfas @ 2014-08-28 06:46:43+00:00", 
        "object_id": "13", 
        "change_message": "", 
        "user": [
            "TESTING:user_2"
        ], 
        "content_type": [
            "review", 
            "assignmentsubmission"
        ]
    }
},
{
    "pk": 62, 
    "model": "admin.logentry", 
    "fields": {
        "action_flag": 3, 
        "action_time": "2014-08-28T07:11:46Z", 
        "object_repr": "(59ef2046-4eb0-4aa8-8614-d88727c2bb5d)folder2_testfile.py", 
        "object_id": "10", 
        "change_message": "", 
        "user": [
            "TESTING:user_2"
        ], 
        "content_type": [
            "review", 
            "sourcefile"
        ]
    }
},
{
    "pk": 63, 
    "model": "admin.logentry", 
    "fields": {
        "action_flag": 3, 
        "action_time": "2014-08-28T07:11:46Z", 
        "object_repr": "(2c5cf06e-660b-4c60-bf82-9bee784bd1dc)folder1-sub-testfile.py", 
        "object_id": "9", 
        "change_message": "", 
        "user": [
            "TESTING:user_2"
        ], 
        "content_type": [
            "review", 
            "sourcefile"
        ]
    }
},
{
    "pk": 64, 
    "model": "admin.logentry", 
    "fields": {
        "action_flag": 3, 
        "action_time": "2014-08-28T07:11:46Z", 
        "object_repr": "(24341c24-671a-4888-92ee-dac596a61547)folder1_testfile.txt", 
        "object_id": "8", 
        "change_message": "", 
        "user": [
            "TESTING:user_2"
        ], 
        "content_type": [
            "review", 
            "sourcefile"
        ]
    }
},
{
    "pk": 65, 
    "model": "admin.logentry", 
    "fields": {
        "action_flag": 3, 
        "action_time": "2014-08-28T07:11:46Z", 
        "object_repr": "(b3883201-dd63-447d-9623-7c0fb36c1bdd)rootfile.txt", 
        "object_id": "7", 
        "change_message": "", 
        "user": [
            "TESTING:user_2"
        ], 
        "content_type": [
            "review", 
            "sourcefile"
        ]
    }
},
{
    "pk": 66, 
    "model": "admin.logentry", 
    "fields": {
        "action_flag": 3, 
        "action_time": "2014-08-28T07:12:21Z", 
        "object_repr": "(8b520c46-c26f-42cd-8956-1536f1f8cc26)fdasasdfas @ 2014-08-28 06:29:04+00:00", 
        "object_id": "12", 
        "change_message": "", 
        "user": [
            "TESTING:user_2"
        ], 
        "content_type": [
            "review", 
            "assignmentsubmission"
        ]
    }
},
{
    "pk": 67, 
    "model": "admin.logentry", 
    "fields": {
        "action_flag": 3, 
        "action_time": "2014-08-28T07:13:30Z", 
        "object_repr": "(b79c3114-f066-4110-9f5b-b96a10770ffe)folder2_testfile.py", 
        "object_id": "6", 
        "change_message": "", 
        "user": [
            "TESTING:user_2"
        ], 
        "content_type": [
            "review", 
            "sourcefile"
        ]
    }
},
{
    "pk": 68, 
    "model": "admin.logentry", 
    "fields": {
        "action_flag": 3, 
        "action_time": "2014-08-28T07:13:30Z", 
        "object_repr": "(fe87beab-912e-4679-8eab-617f448f53ec)folder1-sub-testfile.py", 
        "object_id": "5", 
        "change_message": "", 
        "user": [
            "TESTING:user_2"
        ], 
        "content_type": [
            "review", 
            "sourcefile"
        ]
    }
},
{
    "pk": 69, 
    "model": "admin.logentry", 
    "fields": {
        "action_flag": 3, 
        "action_time": "2014-08-28T07:13:30Z", 
        "object_repr": "(6afb7463-5717-471c-81fb-0512ab925183)folder1_testfile.txt", 
        "object_id": "4", 
        "change_message": "", 
        "user": [
            "TESTING:user_2"
        ], 
        "content_type": [
            "review", 
            "sourcefile"
        ]
    }
},
{
    "pk": 70, 
    "model": "admin.logentry", 
    "fields": {
        "action_flag": 3, 
        "action_time": "2014-08-28T07:13:30Z", 
        "object_repr": "(d36a774c-5bc8-40f9-9710-2a3fbdc660f9)rootfile.txt", 
        "object_id": "3", 
        "change_message": "", 
        "user": [
            "TESTING:user_2"
        ], 
        "content_type": [
            "review", 
            "sourcefile"
        ]
    }
},
{
    "pk": 71, 
    "model": "admin.logentry", 
    "fields": {
        "action_flag": 1, 
        "action_time": "2014-08-28T07:14:01Z", 
        "object_repr": "\"fdsafsda\" on \"fdsa\" by tom in ((c914afba-c8e4-4554-9ae8-c9fc8618a617)rootfile.txt).", 
        "object_id": "2", 
        "change_message": "", 
        "user": [
            "TESTING:user_2"
        ], 
        "content_type": [
            "review", 
            "sourceannotation"
        ]
    }
},
{
    "pk": 72, 
    "model": "admin.logentry", 
    "fields": {
        "action_flag": 1, 
        "action_time": "2014-08-28T08:21:56Z", 
        "object_repr": "SourceAnnotationRange object", 
        "object_id": "2", 
        "change_message": "", 
        "user": [
            "TESTING:user_2"
        ], 
        "content_type": [
            "review", 
            "sourceannotationrange"
        ]
    }
},
{
    "pk": 73, 
    "model": "admin.logentry", 
    "fields": {
        "action_flag": 1, 
        "action_time": "2014-08-28T11:43:37Z", 
        "object_repr": "annote", 
        "object_id": "27", 
        "change_message": "", 
        "user": [
            "TESTING:user_2"
        ], 
        "content_type": [
            "auth", 
            "user"
        ]
    }
},
{
    "pk": 74, 
    "model": "admin.logentry", 
    "fields": {
        "action_flag": 3, 
        "action_time": "2014-08-29T01:54:34Z", 
        "object_repr": "\"43242\" on \"43242\" by admin in ((c914afba-c8e4-4554-9ae8-c9fc8618a617)rootfile.txt).", 
        "object_id": "3", 
        "change_message": "", 
        "user": [
            "TESTING:user_2"
        ], 
        "content_type": [
            "review", 
            "sourceannotation"
        ]
    }
},
{
    "pk": 75, 
    "model": "admin.logentry", 
    "fields": {
        "action_flag": 3, 
        "action_time": "2014-08-29T01:58:04Z", 
        "object_repr": "\"43242\" on \"43242\" by admin in ((c914afba-c8e4-4554-9ae8-c9fc8618a617)rootfile.txt).", 
        "object_id": "5", 
        "change_message": "", 
        "user": [
            "TESTING:user_2"
        ], 
        "content_type": [
            "review", 
            "sourceannotation"
        ]
    }
},
{
    "pk": 76, 
    "model": "admin.logentry", 
    "fields": {
        "action_flag": 3, 
        "action_time": "2014-08-29T02:01:52Z", 
        "object_repr": "\"textest\" on \"textest\" by admin in ((c914afba-c8e4-4554-9ae8-c9fc8618a617)rootfile.txt).", 
        "object_id": "8", 
        "change_message": "", 
        "user": [
            "TESTING:user_2"
        ], 
        "content_type": [
            "review", 
            "sourceannotation"
        ]
    }
},
{
    "pk": 77, 
    "model": "admin.logentry", 
    "fields": {
        "action_flag": 3, 
        "action_time": "2014-08-29T02:01:52Z", 
        "object_repr": "\"textest\" on \"textest\" by admin in ((c914afba-c8e4-4554-9ae8-c9fc8618a617)rootfile.txt).", 
        "object_id": "7", 
        "change_message": "", 
        "user": [
            "TESTING:user_2"
        ], 
        "content_type": [
            "review", 
            "sourceannotation"
        ]
    }
},
{
    "pk": 78, 
    "model": "admin.logentry", 
    "fields": {
        "action_flag": 3, 
        "action_time": "2014-08-29T02:01:52Z", 
        "object_repr": "\"textest\" on \"textest\" by admin in ((8e299c63-5706-4423-95e2-9e69431c99ac)folder2_testfile.py).", 
        "object_id": "6", 
        "change_message": "", 
        "user": [
            "TESTING:user_2"
        ], 
        "content_type": [
            "review", 
            "sourceannotation"
        ]
    }
},
{
    "pk": 79, 
    "model": "admin.logentry", 
    "fields": {
        "action_flag": 3, 
        "action_time": "2014-08-29T02:03:26Z", 
        "object_repr": "\"textest\" on \"textest\" by admin in ((c914afba-c8e4-4554-9ae8-c9fc8618a617)rootfile.txt).", 
        "object_id": "9", 
        "change_message": "", 
        "user": [
            "TESTING:user_2"
        ], 
        "content_type": [
            "review", 
            "sourceannotation"
        ]
    }
},
{
    "pk": 80, 
    "model": "admin.logentry", 
    "fields": {
        "action_flag": 3, 
        "action_time": "2014-08-29T06:09:26Z", 
        "object_repr": "\"<textarea cols=\"40\" id=\"id_text\" name=\"text\" rows=\"10\">\r\n321312</textarea>\" on \"<textarea cols=\"40\" id=\"id_text\" name=\"text\" rows=\"10\">\r\n321312</textarea>\" by admin in ((8e299c63-5706-4423-95e2-9e694", 
        "object_id": "18", 
        "change_message": "", 
        "user": [
            "TESTING:user_2"
        ], 
        "content_type": [
            "review", 
            "sourceannotation"
        ]
    }
},
{
    "pk": 81, 
    "model": "admin.logentry", 
    "fields": {
        "action_flag": 3, 
        "action_time": "2014-08-29T06:09:26Z", 
        "object_repr": "\"<textarea cols=\"40\" id=\"id_text\" name=\"text\" rows=\"10\">\r\n321312</textarea>\" on \"<textarea cols=\"40\" id=\"id_text\" name=\"text\" rows=\"10\">\r\n321312</textarea>\" by admin in ((8e299c63-5706-4423-95e2-9e694", 
        "object_id": "17", 
        "change_message": "", 
        "user": [
            "TESTING:user_2"
        ], 
        "content_type": [
            "review", 
            "sourceannotation"
        ]
    }
},
{
    "pk": 82, 
    "model": "admin.logentry", 
    "fields": {
        "action_flag": 3, 
        "action_time": "2014-08-29T06:09:26Z", 
        "object_repr": "\"<textarea cols=\"40\" id=\"id_text\" name=\"text\" rows=\"10\">\r\n321312</textarea>\" on \"<textarea cols=\"40\" id=\"id_text\" name=\"text\" rows=\"10\">\r\n321312</textarea>\" by admin in ((8e299c63-5706-4423-95e2-9e694", 
        "object_id": "16", 
        "change_message": "", 
        "user": [
            "TESTING:user_2"
        ], 
        "content_type": [
            "review", 
            "sourceannotation"
        ]
    }
},
{
    "pk": 83, 
    "model": "admin.logentry", 
    "fields": {
        "action_flag": 3, 
        "action_time": "2014-08-29T06:09:26Z", 
        "object_repr": "\"<textarea cols=\"40\" id=\"id_text\" name=\"text\" rows=\"10\">\r\n321312</textarea>\" on \"<textarea cols=\"40\" id=\"id_text\" name=\"text\" rows=\"10\">\r\n321312</textarea>\" by admin in ((8e299c63-5706-4423-95e2-9e694", 
        "object_id": "15", 
        "change_message": "", 
        "user": [
            "TESTING:user_2"
        ], 
        "content_type": [
            "review", 
            "sourceannotation"
        ]
    }
},
{
    "pk": 84, 
    "model": "admin.logentry", 
    "fields": {
        "action_flag": 3, 
        "action_time": "2014-08-29T06:09:26Z", 
        "object_repr": "\"<textarea cols=\"40\" id=\"id_annotation_text\" name=\"annotation_text\" rows=\"10\">\r\n</textarea>\" on \"<textarea cols=\"40\" id=\"id_annotation_text\" name=\"annotation_text\" rows=\"10\">\r\n</textarea>\" by admin in", 
        "object_id": "14", 
        "change_message": "", 
        "user": [
            "TESTING:user_2"
        ], 
        "content_type": [
            "review", 
            "sourceannotation"
        ]
    }
},
{
    "pk": 85, 
    "model": "admin.logentry", 
    "fields": {
        "action_flag": 3, 
        "action_time": "2014-08-29T06:09:26Z", 
        "object_repr": "\"<textarea cols=\"40\" id=\"id_annotation_text\" name=\"annotation_text\" rows=\"10\">\r\n</textarea>\" on \"<textarea cols=\"40\" id=\"id_annotation_text\" name=\"annotation_text\" rows=\"10\">\r\n</textarea>\" by admin in", 
        "object_id": "13", 
        "change_message": "", 
        "user": [
            "TESTING:user_2"
        ], 
        "content_type": [
            "review", 
            "sourceannotation"
        ]
    }
},
{
    "pk": 86, 
    "model": "admin.logentry", 
    "fields": {
        "action_flag": 2, 
        "action_time": "2014-09-18T11:10:36Z", 
        "object_repr": "s0123456", 
        "object_id": "23", 
        "change_message": "Changed courses for review user \"s0123456\".", 
        "user": [
            "TESTING:user_2"
        ], 
        "content_type": [
            "auth", 
            "user"
        ]
    }
},
{
    "pk": 87, 
    "model": "admin.logentry", 
    "fields": {
        "action_flag": 2, 
        "action_time": "2014-09-18T11:14:19Z", 
        "object_repr": "s000000", 
        "object_id": "33", 
        "change_message": "Changed courses for review user \"s000000\".", 
        "user": [
            "TESTING:user_2"
        ], 
        "content_type": [
            "auth", 
            "user"
        ]
    }
},
{
    "pk": 88, 
    "model": "admin.logentry", 
    "fields": {
        "action_flag": 2, 
        "action_time": "2014-09-18T11:14:35Z", 
        "object_repr": "s000001", 
        "object_id": "34", 
        "change_message": "Changed courses for review user \"s000001\".", 
        "user": [
            "TESTING:user_2"
        ], 
        "content_type": [
            "auth", 
            "user"
        ]
    }
},
{
    "pk": 89, 
    "model": "admin.logentry", 
    "fields": {
        "action_flag": 2, 
        "action_time": "2014-09-18T11:14:59Z", 
        "object_repr": "s0000010", 
        "object_id": "43", 
        "change_message": "Changed courses for review user \"s0000010\".", 
        "user": [
            "TESTING:user_2"
        ], 
        "content_type": [
            "auth", 
            "user"
        ]
    }
},
{
    "pk": 90, 
    "model": "admin.logentry", 
    "fields": {
        "action_flag": 1, 
        "action_time": "2014-09-18T11:15:14Z", 
        "object_repr": "naoise", 
        "object_id": "53", 
        "change_message": "", 
        "user": [
            "TESTING:user_2"
        ], 
        "content_type": [
            "auth", 
            "user"
        ]
    }
},
{
    "pk": 91, 
    "model": "admin.logentry", 
    "fields": {
        "action_flag": 1, 
        "action_time": "2014-09-18T11:17:19Z", 
        "object_repr": "(14513aed-5d95-4b3d-aa93-2e07f29c4f22)ASMT1", 
        "object_id": "5", 
        "change_message": "", 
        "user": [
            "TESTING:user_2"
        ], 
        "content_type": [
            "review", 
            "assignment"
        ]
    }
},
{
    "pk": 92, 
    "model": "admin.logentry", 
    "fields": {
        "action_flag": 1, 
        "action_time": "2014-09-18T11:17:51Z", 
        "object_repr": "(7b9924ef-befb-4b02-8001-899a8f0117aa)SingleSubmit", 
        "object_id": "6", 
        "change_message": "", 
        "user": [
            "TESTING:user_2"
        ], 
        "content_type": [
            "review", 
            "assignment"
        ]
    }
},
{
    "pk": 93, 
    "model": "admin.logentry", 
    "fields": {
        "action_flag": 1, 
        "action_time": "2014-09-18T11:18:25Z", 
        "object_repr": "(16bd0aa6-a9ec-4db8-9776-abd4a70ec7db)ReviewNotOpen", 
        "object_id": "7", 
        "change_message": "", 
        "user": [
            "TESTING:user_2"
        ], 
        "content_type": [
            "review", 
            "assignment"
        ]
    }
},
{
    "pk": 94, 
    "model": "admin.logentry", 
    "fields": {
        "action_flag": 3, 
        "action_time": "2014-09-18T11:24:18Z", 
        "object_repr": "(a1883f5f-3913-4e36-95f7-ea98b92a0020)ASMT1 @ 2014-09-18 11:20:29+00:00", 
        "object_id": "17", 
        "change_message": "", 
        "user": [
            "TESTING:user_2"
        ], 
        "content_type": [
            "review", 
            "assignmentsubmission"
        ]
    }
},
{
    "pk": 95, 
    "model": "admin.logentry", 
    "fields": {
        "action_flag": 3, 
        "action_time": "2014-09-18T11:40:44Z", 
        "object_repr": "\"And another!\" on \"And another!\" by admin in ((8e2245f3-c712-4658-b503-a28160c7a79d)folder1_testfile.txt).", 
        "object_id": "26", 
        "change_message": "", 
        "user": [
            "TESTING:user_2"
        ], 
        "content_type": [
            "review", 
            "sourceannotation"
        ]
    }
},
{
    "pk": 96, 
    "model": "admin.logentry", 
    "fields": {
        "action_flag": 3, 
        "action_time": "2014-09-18T11:40:53Z", 
        "object_repr": "\"Argh, yer mighty annotation\" on \"Argh, yer mighty annotation\" by admin in ((c671ae21-279f-4bc6-ac31-eb980e292de1)folder2_testfile.py).", 
        "object_id": "27", 
        "change_message": "", 
        "user": [
            "TESTING:user_2"
        ], 
        "content_type": [
            "review", 
            "sourceannotation"
        ]
    }
},
{
    "pk": 97, 
    "model": "admin.logentry", 
    "fields": {
        "action_flag": 3, 
        "action_time": "2014-09-18T11:40:53Z", 
        "object_repr": "\"This be an annotation\" on \"This be an annotation\" by admin in ((8e2245f3-c712-4658-b503-a28160c7a79d)folder1_testfile.txt).", 
        "object_id": "25", 
        "change_message": "", 
        "user": [
            "TESTING:user_2"
        ], 
        "content_type": [
            "review", 
            "sourceannotation"
        ]
    }
},
{
    "pk": 98, 
    "model": "admin.logentry", 
    "fields": {
        "action_flag": 3, 
        "action_time": "2014-09-18T11:42:38Z", 
        "object_repr": "\"Yer mighty annotations be here.\r\n\" on \"Yer mighty annotations be here.\r\n\" by admin in ((8e2245f3-c712-4658-b503-a28160c7a79d)folder1_testfile.txt).", 
        "object_id": "30", 
        "change_message": "", 
        "user": [
            "TESTING:user_2"
        ], 
        "content_type": [
            "review", 
            "sourceannotation"
        ]
    }
},
{
    "pk": 99, 
    "model": "admin.logentry", 
    "fields": {
        "action_flag": 3, 
        "action_time": "2014-09-18T11:42:38Z", 
        "object_repr": "\"This be yet another annotation! YARGH\" on \"This be yet another annotation! YARGH\" by admin in ((c671ae21-279f-4bc6-ac31-eb980e292de1)folder2_testfile.py).", 
        "object_id": "29", 
        "change_message": "", 
        "user": [
            "TESTING:user_2"
        ], 
        "content_type": [
            "review", 
            "sourceannotation"
        ]
    }
},
{
    "pk": 100, 
    "model": "admin.logentry", 
    "fields": {
        "action_flag": 3, 
        "action_time": "2014-09-18T11:42:38Z", 
        "object_repr": "\"THis be an annotation!!!\" on \"THis be an annotation!!!\" by admin in ((c671ae21-279f-4bc6-ac31-eb980e292de1)folder2_testfile.py).", 
        "object_id": "28", 
        "change_message": "", 
        "user": [
            "TESTING:user_2"
        ], 
        "content_type": [
            "review", 
            "sourceannotation"
        ]
    }
},
{
    "pk": 101, 
    "model": "admin.logentry", 
    "fields": {
        "action_flag": 3, 
        "action_time": "2014-09-18T12:24:45Z", 
        "object_repr": "s000000", 
        "object_id": "33", 
        "change_message": "", 
        "user": [
            "TESTING:user_2"
        ], 
        "content_type": [
            "auth", 
            "user"
        ]
    }
},
{
    "pk": 102, 
    "model": "admin.logentry", 
    "fields": {
        "action_flag": 3, 
        "action_time": "2014-09-18T12:24:45Z", 
        "object_repr": "s000001", 
        "object_id": "34", 
        "change_message": "", 
        "user": [
            "TESTING:user_2"
        ], 
        "content_type": [
            "auth", 
            "user"
        ]
    }
},
{
    "pk": 103, 
    "model": "admin.logentry", 
    "fields": {
        "action_flag": 3, 
        "action_time": "2014-09-18T12:24:45Z", 
        "object_repr": "s0000010", 
        "object_id": "43", 
        "change_message": "", 
        "user": [
            "TESTING:user_2"
        ], 
        "content_type": [
            "auth", 
            "user"
        ]
    }
},
{
    "pk": 104, 
    "model": "admin.logentry", 
    "fields": {
        "action_flag": 3, 
        "action_time": "2014-09-18T12:24:45Z", 
        "object_repr": "s0000011", 
        "object_id": "44", 
        "change_message": "", 
        "user": [
            "TESTING:user_2"
        ], 
        "content_type": [
            "auth", 
            "user"
        ]
    }
},
{
    "pk": 105, 
    "model": "admin.logentry", 
    "fields": {
        "action_flag": 3, 
        "action_time": "2014-09-18T12:24:45Z", 
        "object_repr": "s0000012", 
        "object_id": "45", 
        "change_message": "", 
        "user": [
            "TESTING:user_2"
        ], 
        "content_type": [
            "auth", 
            "user"
        ]
    }
},
{
    "pk": 106, 
    "model": "admin.logentry", 
    "fields": {
        "action_flag": 3, 
        "action_time": "2014-09-18T12:24:45Z", 
        "object_repr": "s0000013", 
        "object_id": "46", 
        "change_message": "", 
        "user": [
            "TESTING:user_2"
        ], 
        "content_type": [
            "auth", 
            "user"
        ]
    }
},
{
    "pk": 107, 
    "model": "admin.logentry", 
    "fields": {
        "action_flag": 3, 
        "action_time": "2014-09-18T12:24:45Z", 
        "object_repr": "s0000014", 
        "object_id": "47", 
        "change_message": "", 
        "user": [
            "TESTING:user_2"
        ], 
        "content_type": [
            "auth", 
            "user"
        ]
    }
},
{
    "pk": 108, 
    "model": "admin.logentry", 
    "fields": {
        "action_flag": 3, 
        "action_time": "2014-09-18T12:24:45Z", 
        "object_repr": "s0000015", 
        "object_id": "48", 
        "change_message": "", 
        "user": [
            "TESTING:user_2"
        ], 
        "content_type": [
            "auth", 
            "user"
        ]
    }
},
{
    "pk": 109, 
    "model": "admin.logentry", 
    "fields": {
        "action_flag": 3, 
        "action_time": "2014-09-18T12:24:45Z", 
        "object_repr": "s0000016", 
        "object_id": "49", 
        "change_message": "", 
        "user": [
            "TESTING:user_2"
        ], 
        "content_type": [
            "auth", 
            "user"
        ]
    }
},
{
    "pk": 110, 
    "model": "admin.logentry", 
    "fields": {
        "action_flag": 3, 
        "action_time": "2014-09-18T12:24:45Z", 
        "object_repr": "s0000017", 
        "object_id": "50", 
        "change_message": "", 
        "user": [
            "TESTING:user_2"
        ], 
        "content_type": [
            "auth", 
            "user"
        ]
    }
},
{
    "pk": 111, 
    "model": "admin.logentry", 
    "fields": {
        "action_flag": 3, 
        "action_time": "2014-09-18T12:24:45Z", 
        "object_repr": "s0000018", 
        "object_id": "51", 
        "change_message": "", 
        "user": [
            "TESTING:user_2"
        ], 
        "content_type": [
            "auth", 
            "user"
        ]
    }
},
{
    "pk": 112, 
    "model": "admin.logentry", 
    "fields": {
        "action_flag": 3, 
        "action_time": "2014-09-18T12:24:45Z", 
        "object_repr": "s0000019", 
        "object_id": "52", 
        "change_message": "", 
        "user": [
            "TESTING:user_2"
        ], 
        "content_type": [
            "auth", 
            "user"
        ]
    }
},
{
    "pk": 113, 
    "model": "admin.logentry", 
    "fields": {
        "action_flag": 3, 
        "action_time": "2014-09-18T12:24:45Z", 
        "object_repr": "s000002", 
        "object_id": "35", 
        "change_message": "", 
        "user": [
            "TESTING:user_2"
        ], 
        "content_type": [
            "auth", 
            "user"
        ]
    }
},
{
    "pk": 114, 
    "model": "admin.logentry", 
    "fields": {
        "action_flag": 3, 
        "action_time": "2014-09-18T12:24:45Z", 
        "object_repr": "s000003", 
        "object_id": "36", 
        "change_message": "", 
        "user": [
            "TESTING:user_2"
        ], 
        "content_type": [
            "auth", 
            "user"
        ]
    }
},
{
    "pk": 115, 
    "model": "admin.logentry", 
    "fields": {
        "action_flag": 3, 
        "action_time": "2014-09-18T12:24:45Z", 
        "object_repr": "s000004", 
        "object_id": "37", 
        "change_message": "", 
        "user": [
            "TESTING:user_2"
        ], 
        "content_type": [
            "auth", 
            "user"
        ]
    }
},
{
    "pk": 116, 
    "model": "admin.logentry", 
    "fields": {
        "action_flag": 3, 
        "action_time": "2014-09-18T12:24:45Z", 
        "object_repr": "s000005", 
        "object_id": "38", 
        "change_message": "", 
        "user": [
            "TESTING:user_2"
        ], 
        "content_type": [
            "auth", 
            "user"
        ]
    }
},
{
    "pk": 117, 
    "model": "admin.logentry", 
    "fields": {
        "action_flag": 3, 
        "action_time": "2014-09-18T12:24:45Z", 
        "object_repr": "s000006", 
        "object_id": "39", 
        "change_message": "", 
        "user": [
            "TESTING:user_2"
        ], 
        "content_type": [
            "auth", 
            "user"
        ]
    }
},
{
    "pk": 118, 
    "model": "admin.logentry", 
    "fields": {
        "action_flag": 3, 
        "action_time": "2014-09-18T12:24:45Z", 
        "object_repr": "s000007", 
        "object_id": "40", 
        "change_message": "", 
        "user": [
            "TESTING:user_2"
        ], 
        "content_type": [
            "auth", 
            "user"
        ]
    }
},
{
    "pk": 119, 
    "model": "admin.logentry", 
    "fields": {
        "action_flag": 3, 
        "action_time": "2014-09-18T12:24:45Z", 
        "object_repr": "s000008", 
        "object_id": "41", 
        "change_message": "", 
        "user": [
            "TESTING:user_2"
        ], 
        "content_type": [
            "auth", 
            "user"
        ]
    }
},
{
    "pk": 120, 
    "model": "admin.logentry", 
    "fields": {
        "action_flag": 3, 
        "action_time": "2014-09-18T12:24:45Z", 
        "object_repr": "s000009", 
        "object_id": "42", 
        "change_message": "", 
        "user": [
            "TESTING:user_2"
        ], 
        "content_type": [
            "auth", 
            "user"
        ]
    }
},
{
    "pk": 121, 
    "model": "admin.logentry", 
    "fields": {
        "action_flag": 3, 
        "action_time": "2014-09-18T12:24:45Z", 
        "object_repr": "s111111", 
        "object_id": "29", 
        "change_message": "", 
        "user": [
            "TESTING:user_2"
        ], 
        "content_type": [
            "auth", 
            "user"
        ]
    }
},
{
    "pk": 122, 
    "model": "admin.logentry", 
    "fields": {
        "action_flag": 3, 
        "action_time": "2014-09-18T12:24:45Z", 
        "object_repr": "s111112", 
        "object_id": "30", 
        "change_message": "", 
        "user": [
            "TESTING:user_2"
        ], 
        "content_type": [
            "auth", 
            "user"
        ]
    }
},
{
    "pk": 123, 
    "model": "admin.logentry", 
    "fields": {
        "action_flag": 3, 
        "action_time": "2014-09-18T12:24:45Z", 
        "object_repr": "s111113", 
        "object_id": "31", 
        "change_message": "", 
        "user": [
            "TESTING:user_2"
        ], 
        "content_type": [
            "auth", 
            "user"
        ]
    }
},
{
    "pk": 124, 
    "model": "admin.logentry", 
    "fields": {
        "action_flag": 3, 
        "action_time": "2014-09-18T12:24:45Z", 
        "object_repr": "s111114", 
        "object_id": "32", 
        "change_message": "", 
        "user": [
            "TESTING:user_2"
        ], 
        "content_type": [
            "auth", 
            "user"
        ]
    }
},
{
    "pk": 125, 
    "model": "admin.logentry", 
    "fields": {
        "action_flag": 2, 
        "action_time": "2014-09-18T12:26:24Z", 
        "object_repr": "annote", 
        "object_id": "27", 
        "change_message": "Changed password.", 
        "user": [
            "TESTING:user_2"
        ], 
        "content_type": [
            "auth", 
            "user"
        ]
    }
},
{
    "pk": 126, 
    "model": "admin.logentry", 
    "fields": {
        "action_flag": 2, 
        "action_time": "2014-09-18T12:28:36Z", 
        "object_repr": "kieran", 
        "object_id": "3", 
        "change_message": "Changed courses for review user \"kieran\".", 
        "user": [
            "TESTING:user_2"
        ], 
        "content_type": [
            "auth", 
            "user"
        ]
    }
},
{
    "pk": 127, 
    "model": "admin.logentry", 
    "fields": {
        "action_flag": 2, 
        "action_time": "2014-09-18T12:28:43Z", 
        "object_repr": "s0123456", 
        "object_id": "23", 
        "change_message": "No fields changed.", 
        "user": [
            "TESTING:user_2"
        ], 
        "content_type": [
            "auth", 
            "user"
        ]
    }
},
{
    "pk": 128, 
    "model": "admin.logentry", 
    "fields": {
        "action_flag": 2, 
        "action_time": "2014-09-18T12:28:50Z", 
        "object_repr": "s111110", 
        "object_id": "28", 
        "change_message": "Added review user \"s111110\".", 
        "user": [
            "TESTING:user_2"
        ], 
        "content_type": [
            "auth", 
            "user"
        ]
    }
},
{
    "pk": 129, 
    "model": "admin.logentry", 
    "fields": {
        "action_flag": 2, 
        "action_time": "2014-09-18T12:29:02Z", 
        "object_repr": "s1234567", 
        "object_id": "24", 
        "change_message": "No fields changed.", 
        "user": [
            "TESTING:user_2"
        ], 
        "content_type": [
            "auth", 
            "user"
        ]
    }
},
{
    "pk": 130, 
    "model": "admin.logentry", 
    "fields": {
        "action_flag": 2, 
        "action_time": "2014-09-18T12:29:12Z", 
        "object_repr": "s1234567", 
        "object_id": "24", 
        "change_message": "Changed courses for review user \"s1234567\".", 
        "user": [
            "TESTING:user_2"
        ], 
        "content_type": [
            "auth", 
            "user"
        ]
    }
},
{
    "pk": 131, 
    "model": "admin.logentry", 
    "fields": {
        "action_flag": 2, 
        "action_time": "2014-09-18T12:30:15Z", 
        "object_repr": "annote", 
        "object_id": "27", 
        "change_message": "Changed password.", 
        "user": [
            "TESTING:user_2"
        ], 
        "content_type": [
            "auth", 
            "user"
        ]
    }
},
{
    "pk": 132, 
    "model": "admin.logentry", 
    "fields": {
        "action_flag": 2, 
        "action_time": "2014-09-18T12:31:25Z", 
        "object_repr": "annote", 
        "object_id": "27", 
        "change_message": "Changed courses for review user \"annote\".", 
        "user": [
            "TESTING:user_2"
        ], 
        "content_type": [
            "auth", 
            "user"
        ]
    }
},
{
    "pk": 133, 
    "model": "admin.logentry", 
    "fields": {
        "action_flag": 2, 
        "action_time": "2014-09-18T12:31:48Z", 
        "object_repr": "s0123456", 
        "object_id": "23", 
        "change_message": "Changed password.", 
        "user": [
            "TESTING:user_2"
        ], 
        "content_type": [
            "auth", 
            "user"
        ]
    }
},
{
    "pk": 134, 
    "model": "admin.logentry", 
    "fields": {
        "action_flag": 2, 
        "action_time": "2014-09-18T12:32:04Z", 
        "object_repr": "s111110", 
        "object_id": "28", 
        "change_message": "Changed password.", 
        "user": [
            "TESTING:user_2"
        ], 
        "content_type": [
            "auth", 
            "user"
        ]
    }
},
{
    "pk": 135, 
    "model": "admin.logentry", 
    "fields": {
        "action_flag": 2, 
        "action_time": "2014-09-18T12:32:10Z", 
        "object_repr": "s111110", 
        "object_id": "28", 
        "change_message": "No fields changed.", 
        "user": [
            "TESTING:user_2"
        ], 
        "content_type": [
            "auth", 
            "user"
        ]
    }
},
{
    "pk": 136, 
    "model": "admin.logentry", 
    "fields": {
        "action_flag": 2, 
        "action_time": "2014-09-18T12:32:19Z", 
        "object_repr": "s1234567", 
        "object_id": "24", 
        "change_message": "Changed password.", 
        "user": [
            "TESTING:user_2"
        ], 
        "content_type": [
            "auth", 
            "user"
        ]
    }
},
{
    "pk": 137, 
    "model": "admin.logentry", 
    "fields": {
        "action_flag": 2, 
        "action_time": "2014-09-18T13:43:16Z", 
        "object_repr": "(14513aed-5d95-4b3d-aa93-2e07f29c4f22)ASMT1", 
        "object_id": "5", 
        "change_message": "Changed min_annotations.", 
        "user": [
            "TESTING:user_2"
        ], 
        "content_type": [
            "review", 
            "assignment"
        ]
    }
},
{
    "pk": 138, 
    "model": "admin.logentry", 
    "fields": {
        "action_flag": 1, 
        "action_time": "2014-09-20T09:49:16Z", 
        "object_repr": "(103e76f4-2f56-490c-85b3-f6b2bb6f252d)Unsubmitted", 
        "object_id": "8", 
        "change_message": "", 
        "user": [
            "TESTING:user_2"
        ], 
        "content_type": [
            "review", 
            "assignment"
        ]
    }
},
{
    "pk": 139, 
    "model": "admin.logentry", 
    "fields": {
        "action_flag": 1, 
        "action_time": "2014-09-26T05:13:36Z", 
        "object_repr": "sudo", 
        "object_id": "55", 
        "change_message": "", 
        "user": [
            "TESTING:user_2"
        ], 
        "content_type": [
            "auth", 
            "user"
        ]
    }
},
{
    "pk": 140, 
    "model": "admin.logentry", 
    "fields": {
        "action_flag": 2, 
        "action_time": "2014-09-26T05:13:50Z", 
        "object_repr": "sudo", 
        "object_id": "55", 
        "change_message": "Changed is_staff and is_superuser.", 
        "user": [
            "TESTING:user_2"
        ], 
        "content_type": [
            "auth", 
            "user"
        ]
    }
}
]
